date,year,month,quarter,season,weekday,consumption_mwh,solar_mwh,wind_onshore_mwh,wind_offshore_mwh,renewable_total_mwh,renewable_share_pct
2018-01-01,2018,1,1,Winter,Monday,1063368.0,29486.0,605427.0,74669.0,709582.0,66.73
2018-01-02,2018,1,1,Winter,Tuesday,1362988.0,16327.0,406403.0,66396.0,489126.0,35.89
2018-01-03,2018,1,1,Winter,Wednesday,1477401.0,13103.0,846625.0,91260.0,950988.0,64.37
2018-01-04,2018,1,1,Winter,Thursday,1467407.0,9263.0,554070.0,37245.0,600578.0,40.93
2018-01-05,2018,1,1,Winter,Friday,1436054.0,18381.0,501845.0,24748.0,544974.0,37.95
2018-01-06,2018,1,1,Winter,Saturday,1225864.0,29155.0,172056.0,31838.0,233049.0,19.01
2018-01-07,2018,1,1,Winter,Sunday,1183135.0,17000.0,357188.0,32297.0,406485.0,34.36
2018-01-08,2018,1,1,Winter,Monday,1523648.0,30372.0,492071.0,65002.0,587445.0,38.56
2018-01-09,2018,1,1,Winter,Tuesday,1550380.0,29453.0,441293.0,77793.0,548539.0,35.38
2018-01-10,2018,1,1,Winter,Wednesday,1498537.0,37828.0,123179.0,24945.0,185952.0,12.41
2018-01-11,2018,1,1,Winter,Thursday,1506485.0,21017.0,24631.0,11151.0,56799.0,3.77
2018-01-12,2018,1,1,Winter,Friday,1490555.0,11011.0,81146.0,51480.0,143637.0,9.64
2018-01-13,2018,1,1,Winter,Saturday,1303094.0,11431.0,262339.0,73957.0,347727.0,26.68
2018-01-14,2018,1,1,Winter,Sunday,1216045.0,33246.0,318898.0,77964.0,430108.0,35.37
2018-01-15,2018,1,1,Winter,Monday,1565053.0,30279.0,657114.0,85714.0,773107.0,49.4
2018-01-16,2018,1,1,Winter,Tuesday,1592054.0,18545.0,583505.0,89758.0,691808.0,43.45
2018-01-17,2018,1,1,Winter,Wednesday,1603534.0,18862.0,577683.0,83471.0,680016.0,42.41
2018-01-18,2018,1,1,Winter,Thursday,1596151.0,15811.0,621859.0,62375.0,700045.0,43.86
2018-01-19,2018,1,1,Winter,Friday,1517831.0,26536.0,261422.0,36234.0,324192.0,21.36
2018-01-20,2018,1,1,Winter,Saturday,1311323.0,15013.0,169757.0,35562.0,220332.0,16.8
2018-01-21,2018,1,1,Winter,Sunday,1207923.0,18297.0,88730.0,20357.0,127384.0,10.55
2018-01-22,2018,1,1,Winter,Monday,1513782.0,9659.0,256135.0,57808.0,323602.0,21.38
2018-01-23,2018,1,1,Winter,Tuesday,1542970.0,18980.0,333148.0,61370.0,413498.0,26.8
2018-01-24,2018,1,1,Winter,Wednesday,1557519.0,41024.0,662581.0,99392.0,802997.0,51.56
2018-01-25,2018,1,1,Winter,Thursday,1524241.0,30156.0,308257.0,86038.0,424451.0,27.85
2018-01-26,2018,1,1,Winter,Friday,1477983.0,27650.0,43436.0,7257.0,78343.0,5.3
2018-01-27,2018,1,1,Winter,Saturday,1281149.0,25558.0,253285.0,61142.0,339985.0,26.54
2018-01-28,2018,1,1,Winter,Sunday,1203899.0,22197.0,751723.0,89280.0,863200.0,71.7
2018-01-29,2018,1,1,Winter,Monday,1525812.0,23739.0,809364.0,90266.0,923369.0,60.52
2018-01-30,2018,1,1,Winter,Tuesday,1536004.0,49856.0,384345.0,83372.0,517573.0,33.7
2018-01-31,2018,1,1,Winter,Wednesday,1572225.0,30908.0,612455.0,93122.0,736485.0,46.84
2018-02-01,2018,2,1,Winter,Thursday,1561947.0,32595.0,432700.0,89446.0,554741.0,35.52
2018-02-02,2018,2,1,Winter,Friday,1521025.0,38070.0,297191.0,53874.0,389135.0,25.58
2018-02-03,2018,2,1,Winter,Saturday,1288114.0,25098.0,83221.0,29003.0,137322.0,10.66
2018-02-04,2018,2,1,Winter,Sunday,1211977.0,26189.0,158769.0,93651.0,278609.0,22.99
2018-02-05,2018,2,1,Winter,Monday,1514445.0,53302.0,170923.0,31897.0,256122.0,16.91
2018-02-06,2018,2,1,Winter,Tuesday,1539424.0,66492.0,89024.0,4355.0,159871.0,10.39
2018-02-07,2018,2,1,Winter,Wednesday,1560716.0,55937.0,48488.0,7965.0,112390.0,7.2
2018-02-08,2018,2,1,Winter,Thursday,1556303.0,51721.0,37256.0,54604.0,143581.0,9.23
2018-02-09,2018,2,1,Winter,Friday,1551989.0,42355.0,128778.0,80265.0,251398.0,16.2
2018-02-10,2018,2,1,Winter,Saturday,1326277.0,24427.0,117925.0,53182.0,195534.0,14.74
2018-02-11,2018,2,1,Winter,Sunday,1239864.0,28516.0,526986.0,98429.0,653931.0,52.74
2018-02-12,2018,2,1,Winter,Monday,1502628.0,47380.0,371024.0,92889.0,511293.0,34.03
2018-02-13,2018,2,1,Winter,Tuesday,1516714.0,97675.0,191179.0,67877.0,356731.0,23.52
2018-02-14,2018,2,1,Winter,Wednesday,1546898.0,113511.0,249179.0,76417.0,439107.0,28.39
2018-02-15,2018,2,1,Winter,Thursday,1590692.0,30743.0,415833.0,90488.0,537064.0,33.76
2018-02-16,2018,2,1,Winter,Friday,1517847.0,71702.0,267621.0,60581.0,399904.0,26.35
2018-02-17,2018,2,1,Winter,Saturday,1316896.0,34463.0,65659.0,6785.0,106907.0,8.12
2018-02-18,2018,2,1,Winter,Sunday,1212271.0,59636.0,97188.0,28607.0,185431.0,15.3
2018-02-19,2018,2,1,Winter,Monday,1501918.0,58919.0,53181.0,6556.0,118656.0,7.9
2018-02-20,2018,2,1,Winter,Tuesday,1528702.0,65835.0,99855.0,9547.0,175237.0,11.46
2018-02-21,2018,2,1,Winter,Wednesday,1523119.0,91725.0,150009.0,3059.0,244793.0,16.07
2018-02-22,2018,2,1,Winter,Thursday,1533351.0,88681.0,252637.0,8558.0,349876.0,22.82
2018-02-23,2018,2,1,Winter,Friday,1527690.0,105663.0,314468.0,45859.0,465990.0,30.5
2018-02-24,2018,2,1,Winter,Saturday,1334270.0,109933.0,486704.0,98518.0,695155.0,52.1
2018-02-25,2018,2,1,Winter,Sunday,1247368.0,122087.0,282373.0,68412.0,472872.0,37.91
2018-02-26,2018,2,1,Winter,Monday,1580262.0,81635.0,311091.0,87163.0,479889.0,30.37
2018-02-27,2018,2,1,Winter,Tuesday,1619598.0,97963.0,247770.0,89843.0,435576.0,26.89
2018-02-28,2018,2,1,Winter,Wednesday,1634027.0,108252.0,469568.0,102042.0,679862.0,41.61
2018-03-01,2018,3,1,Spring,Thursday,1618882.0,110481.0,628786.0,99193.0,838460.0,51.79
2018-03-02,2018,3,1,Spring,Friday,1604981.0,102090.0,430424.0,98197.0,630711.0,39.3
2018-03-03,2018,3,1,Spring,Saturday,1368154.0,77042.0,326591.0,99673.0,503306.0,36.79
2018-03-04,2018,3,1,Spring,Sunday,1232353.0,100457.0,313601.0,93807.0,507865.0,41.21
2018-03-05,2018,3,1,Spring,Monday,1474615.0,104489.0,220516.0,73289.0,398294.0,27.01
2018-03-06,2018,3,1,Spring,Tuesday,1492512.0,76481.0,105762.0,32128.0,214371.0,14.36
2018-03-07,2018,3,1,Spring,Wednesday,1515911.0,56921.0,149179.0,11693.0,217793.0,14.37
2018-03-08,2018,3,1,Spring,Thursday,1531148.0,93282.0,445313.0,37643.0,576238.0,37.63
2018-03-09,2018,3,1,Spring,Friday,1512961.0,71752.0,321460.0,35955.0,429167.0,28.37
2018-03-10,2018,3,1,Spring,Saturday,1266883.0,56038.0,227932.0,67687.0,351657.0,27.76
2018-03-11,2018,3,1,Spring,Sunday,1147970.0,84287.0,186005.0,57884.0,328176.0,28.59
2018-03-12,2018,3,1,Spring,Monday,1460167.0,49399.0,201145.0,4526.0,255070.0,17.47
2018-03-13,2018,3,1,Spring,Tuesday,1518795.0,52337.0,392204.0,34451.0,478992.0,31.54
2018-03-14,2018,3,1,Spring,Wednesday,1493399.0,71454.0,126410.0,28884.0,226748.0,15.18
2018-03-15,2018,3,1,Spring,Thursday,1534676.0,108585.0,561939.0,84756.0,755280.0,49.21
2018-03-16,2018,3,1,Spring,Friday,1528868.0,48725.0,537778.0,51303.0,637806.0,41.72
2018-03-17,2018,3,1,Spring,Saturday,1387156.0,52766.0,743391.0,55489.0,851646.0,61.4
2018-03-18,2018,3,1,Spring,Sunday,1305785.0,82333.0,681860.0,63788.0,827981.0,63.41
2018-03-19,2018,3,1,Spring,Monday,1545366.0,119135.0,199011.0,43747.0,361893.0,23.42
2018-03-20,2018,3,1,Spring,Tuesday,1584812.0,99835.0,282485.0,56139.0,438459.0,27.67
2018-03-21,2018,3,1,Spring,Wednesday,1565123.0,135522.0,156636.0,50679.0,342837.0,21.9
2018-03-22,2018,3,1,Spring,Thursday,1572047.0,56308.0,346682.0,51975.0,454965.0,28.94
2018-03-23,2018,3,1,Spring,Friday,1517870.0,44666.0,55631.0,43663.0,143960.0,9.48
2018-03-24,2018,3,1,Spring,Saturday,1267769.0,144550.0,60912.0,9711.0,215173.0,16.97
2018-03-25,2018,3,1,Spring,Sunday,1153619.0,158681.0,35421.0,3878.0,197980.0,17.16
2018-03-26,2018,3,1,Spring,Monday,1467624.0,72807.0,56764.0,6087.0,135658.0,9.24
2018-03-27,2018,3,1,Spring,Tuesday,1468363.0,112027.0,107061.0,27020.0,246108.0,16.76
2018-03-28,2018,3,1,Spring,Wednesday,1511233.0,46278.0,358609.0,89399.0,494286.0,32.71
2018-03-29,2018,3,1,Spring,Thursday,1464366.0,95124.0,314336.0,29907.0,439367.0,30.0
2018-03-30,2018,3,1,Spring,Friday,1159549.0,145949.0,262041.0,87906.0,495896.0,42.77
2018-03-31,2018,3,1,Spring,Saturday,1161034.0,74111.0,205686.0,85745.0,365542.0,31.48
2018-04-01,2018,4,2,Spring,Sunday,1075303.0,71797.0,342903.0,28031.0,442731.0,41.17
2018-04-02,2018,4,2,Spring,Monday,1079921.0,151580.0,200105.0,43697.0,395382.0,36.61
2018-04-03,2018,4,2,Spring,Tuesday,1413120.0,142943.0,341266.0,72775.0,556984.0,39.42
2018-04-04,2018,4,2,Spring,Wednesday,1443555.0,138516.0,303583.0,52000.0,494099.0,34.23
2018-04-05,2018,4,2,Spring,Thursday,1490895.0,98876.0,553715.0,84921.0,737512.0,49.47
2018-04-06,2018,4,2,Spring,Friday,1429838.0,216112.0,277785.0,59030.0,552927.0,38.67
2018-04-07,2018,4,2,Spring,Saturday,1212683.0,212637.0,363889.0,67328.0,643854.0,53.09
2018-04-08,2018,4,2,Spring,Sunday,1091725.0,197089.0,148714.0,11680.0,357483.0,32.74
2018-04-09,2018,4,2,Spring,Monday,1381746.0,145760.0,118872.0,48283.0,312915.0,22.65
2018-04-10,2018,4,2,Spring,Tuesday,1440243.0,155791.0,324604.0,98638.0,579033.0,40.2
2018-04-11,2018,4,2,Spring,Wednesday,1462421.0,150466.0,310177.0,102888.0,563531.0,38.53
2018-04-12,2018,4,2,Spring,Thursday,1450052.0,142466.0,370508.0,107023.0,619997.0,42.76
2018-04-13,2018,4,2,Spring,Friday,1434598.0,85508.0,269406.0,43334.0,398248.0,27.76
2018-04-14,2018,4,2,Spring,Saturday,1189337.0,156292.0,202726.0,39431.0,398449.0,33.5
2018-04-15,2018,4,2,Spring,Sunday,1066383.0,142178.0,52714.0,12666.0,207558.0,19.46
2018-04-16,2018,4,2,Spring,Monday,1371593.0,101678.0,58535.0,22468.0,182681.0,13.32
2018-04-17,2018,4,2,Spring,Tuesday,1385784.0,195008.0,55235.0,44746.0,294989.0,21.29
2018-04-18,2018,4,2,Spring,Wednesday,1385290.0,213958.0,74911.0,35123.0,323992.0,23.39
2018-04-19,2018,4,2,Spring,Thursday,1393887.0,214802.0,158604.0,48194.0,421600.0,30.25
2018-04-20,2018,4,2,Spring,Friday,1379114.0,212343.0,141781.0,42208.0,396332.0,28.74
2018-04-21,2018,4,2,Spring,Saturday,1164958.0,208750.0,74130.0,13077.0,295957.0,25.4
2018-04-22,2018,4,2,Spring,Sunday,1064332.0,197445.0,138616.0,46641.0,382702.0,35.96
2018-04-23,2018,4,2,Spring,Monday,1384203.0,139109.0,319282.0,73030.0,531421.0,38.39
2018-04-24,2018,4,2,Spring,Tuesday,1409605.0,142092.0,298709.0,78288.0,519089.0,36.83
2018-04-25,2018,4,2,Spring,Wednesday,1437092.0,138715.0,467207.0,58119.0,664041.0,46.21
2018-04-26,2018,4,2,Spring,Thursday,1436767.0,137872.0,372142.0,80903.0,590917.0,41.13
2018-04-27,2018,4,2,Spring,Friday,1385282.0,206522.0,140633.0,25685.0,372840.0,26.91
2018-04-28,2018,4,2,Spring,Saturday,1177513.0,178732.0,141700.0,25662.0,346094.0,29.39
2018-04-29,2018,4,2,Spring,Sunday,1067114.0,188281.0,190646.0,39639.0,418566.0,39.22
2018-04-30,2018,4,2,Spring,Monday,1281750.0,152015.0,528567.0,87636.0,768218.0,59.94
2018-05-01,2018,5,2,Spring,Tuesday,1110178.0,149880.0,498452.0,58114.0,706446.0,63.63
2018-05-02,2018,5,2,Spring,Wednesday,1396620.0,160144.0,143821.0,61874.0,365839.0,26.19
2018-05-03,2018,5,2,Spring,Thursday,1422030.0,169952.0,164575.0,21890.0,356417.0,25.06
2018-05-04,2018,5,2,Spring,Friday,1399659.0,201186.0,154019.0,4164.0,359369.0,25.68
2018-05-05,2018,5,2,Spring,Saturday,1178154.0,223943.0,202195.0,8713.0,434851.0,36.91
2018-05-06,2018,5,2,Spring,Sunday,1084216.0,239472.0,203174.0,29311.0,471957.0,43.53
2018-05-07,2018,5,2,Spring,Monday,1401587.0,237923.0,203711.0,34257.0,475891.0,33.95
2018-05-08,2018,5,2,Spring,Tuesday,1430139.0,238657.0,246872.0,61220.0,546749.0,38.23
2018-05-09,2018,5,2,Spring,Wednesday,1413670.0,210976.0,166341.0,50677.0,427994.0,30.28
2018-05-10,2018,5,2,Spring,Thursday,1134828.0,146355.0,207244.0,38835.0,392434.0,34.58
2018-05-11,2018,5,2,Spring,Friday,1260826.0,163237.0,58129.0,10722.0,232088.0,18.41
2018-05-12,2018,5,2,Spring,Saturday,1154914.0,202809.0,121272.0,46576.0,370657.0,32.09
2018-05-13,2018,5,2,Spring,Sunday,1083982.0,177559.0,268359.0,66614.0,512532.0,47.28
2018-05-14,2018,5,2,Spring,Monday,1412565.0,178180.0,302818.0,42656.0,523654.0,37.07
2018-05-15,2018,5,2,Spring,Tuesday,1425414.0,173236.0,169402.0,16481.0,359119.0,25.19
2018-05-16,2018,5,2,Spring,Wednesday,1431052.0,117915.0,185143.0,76496.0,379554.0,26.52
2018-05-17,2018,5,2,Spring,Thursday,1441611.0,150094.0,309580.0,89814.0,549488.0,38.12
2018-05-18,2018,5,2,Spring,Friday,1404740.0,172561.0,90614.0,26456.0,289631.0,20.62
2018-05-19,2018,5,2,Spring,Saturday,1164906.0,185185.0,60838.0,2105.0,248128.0,21.3
2018-05-20,2018,5,2,Spring,Sunday,1021732.0,200005.0,236209.0,40092.0,476306.0,46.62
2018-05-21,2018,5,2,Spring,Monday,1063460.0,239371.0,309224.0,72072.0,620667.0,58.36
2018-05-22,2018,5,2,Spring,Tuesday,1390786.0,204835.0,133548.0,32890.0,371273.0,26.7
2018-05-23,2018,5,2,Spring,Wednesday,1433532.0,182998.0,216160.0,35082.0,434240.0,30.29
2018-05-24,2018,5,2,Spring,Thursday,1437715.0,145900.0,277445.0,64342.0,487687.0,33.92
2018-05-25,2018,5,2,Spring,Friday,1403603.0,199527.0,180608.0,76347.0,456482.0,32.52
2018-05-26,2018,5,2,Spring,Saturday,1190657.0,227439.0,95991.0,32453.0,355883.0,29.89
2018-05-27,2018,5,2,Spring,Sunday,1091782.0,190195.0,125089.0,50390.0,365674.0,33.49
2018-05-28,2018,5,2,Spring,Monday,1421894.0,225638.0,147059.0,30462.0,403159.0,28.35
2018-05-29,2018,5,2,Spring,Tuesday,1454690.0,201699.0,220966.0,63556.0,486221.0,33.42
2018-05-30,2018,5,2,Spring,Wednesday,1419749.0,208340.0,75826.0,26940.0,311106.0,21.91
2018-05-31,2018,5,2,Spring,Thursday,1227972.0,206268.0,93291.0,29115.0,328674.0,26.77
2018-06-01,2018,6,2,Summer,Friday,1313646.0,163686.0,118871.0,11211.0,293768.0,22.36
2018-06-02,2018,6,2,Summer,Saturday,1158359.0,152733.0,93055.0,9224.0,255012.0,22.01
2018-06-03,2018,6,2,Summer,Sunday,1072607.0,189437.0,42108.0,8175.0,239720.0,22.35
2018-06-04,2018,6,2,Summer,Monday,1396992.0,208775.0,94959.0,24912.0,328646.0,23.53
2018-06-05,2018,6,2,Summer,Tuesday,1436182.0,197097.0,92156.0,9008.0,298261.0,20.77
2018-06-06,2018,6,2,Summer,Wednesday,1446905.0,232624.0,193082.0,24393.0,450099.0,31.11
2018-06-07,2018,6,2,Summer,Thursday,1453064.0,201235.0,115822.0,13234.0,330291.0,22.73
2018-06-08,2018,6,2,Summer,Friday,1426782.0,195110.0,74565.0,6357.0,276032.0,19.35
2018-06-09,2018,6,2,Summer,Saturday,1210886.0,189124.0,69958.0,13678.0,272760.0,22.53
2018-06-10,2018,6,2,Summer,Sunday,1112545.0,174510.0,86541.0,25925.0,286976.0,25.79
2018-06-11,2018,6,2,Summer,Monday,1433184.0,169024.0,137180.0,49715.0,355919.0,24.83
2018-06-12,2018,6,2,Summer,Tuesday,1434534.0,121266.0,151993.0,66311.0,339570.0,23.67
2018-06-13,2018,6,2,Summer,Wednesday,1426717.0,88830.0,162096.0,52638.0,303564.0,21.28
2018-06-14,2018,6,2,Summer,Thursday,1429305.0,187828.0,134347.0,74476.0,396651.0,27.75
2018-06-15,2018,6,2,Summer,Friday,1405359.0,183203.0,29902.0,6757.0,219862.0,15.64
2018-06-16,2018,6,2,Summer,Saturday,1177842.0,193543.0,60926.0,11008.0,265477.0,22.54
2018-06-17,2018,6,2,Summer,Sunday,1086869.0,170764.0,166935.0,44597.0,382296.0,35.17
2018-06-18,2018,6,2,Summer,Monday,1422053.0,166399.0,152428.0,51929.0,370756.0,26.07
2018-06-19,2018,6,2,Summer,Tuesday,1457307.0,151567.0,157575.0,43953.0,353095.0,24.23
2018-06-20,2018,6,2,Summer,Wednesday,1462888.0,215128.0,120225.0,76562.0,411915.0,28.16
2018-06-21,2018,6,2,Summer,Thursday,1462575.0,181048.0,450875.0,73242.0,705165.0,48.21
2018-06-22,2018,6,2,Summer,Friday,1407563.0,160949.0,466693.0,107026.0,734668.0,52.19
2018-06-23,2018,6,2,Summer,Saturday,1170531.0,148414.0,375903.0,90919.0,615236.0,52.56
2018-06-24,2018,6,2,Summer,Sunday,1074280.0,129420.0,159121.0,67725.0,356266.0,33.16
2018-06-25,2018,6,2,Summer,Monday,1401591.0,158806.0,131901.0,65739.0,356446.0,25.43
2018-06-26,2018,6,2,Summer,Tuesday,1422317.0,171635.0,72747.0,21717.0,266099.0,18.71
2018-06-27,2018,6,2,Summer,Wednesday,1422816.0,216261.0,140067.0,3582.0,359910.0,25.3
2018-06-28,2018,6,2,Summer,Thursday,1439360.0,161520.0,196935.0,9498.0,367953.0,25.56
2018-06-29,2018,6,2,Summer,Friday,1405700.0,212039.0,167358.0,33969.0,413366.0,29.41
2018-06-30,2018,6,2,Summer,Saturday,1179018.0,244755.0,222231.0,27793.0,494779.0,41.97
2018-07-01,2018,7,3,Summer,Sunday,1084057.0,255427.0,249353.0,30371.0,535151.0,49.37
2018-07-02,2018,7,3,Summer,Monday,1400476.0,257690.0,127589.0,13216.0,398495.0,28.45
2018-07-03,2018,7,3,Summer,Tuesday,1440049.0,241390.0,64368.0,17659.0,323417.0,22.46
2018-07-04,2018,7,3,Summer,Wednesday,1449513.0,200332.0,37060.0,6832.0,244224.0,16.85
2018-07-05,2018,7,3,Summer,Thursday,1453465.0,169760.0,115958.0,28787.0,314505.0,21.64
2018-07-06,2018,7,3,Summer,Friday,1418013.0,156511.0,235918.0,60720.0,453149.0,31.96
2018-07-07,2018,7,3,Summer,Saturday,1170717.0,236099.0,241437.0,53268.0,530804.0,45.34
2018-07-08,2018,7,3,Summer,Sunday,1068576.0,228019.0,143412.0,19705.0,391136.0,36.6
2018-07-09,2018,7,3,Summer,Monday,1382332.0,192348.0,208652.0,81998.0,482998.0,34.94
2018-07-10,2018,7,3,Summer,Tuesday,1386083.0,123843.0,132871.0,38473.0,295187.0,21.3
2018-07-11,2018,7,3,Summer,Wednesday,1376850.0,131811.0,85291.0,35159.0,252261.0,18.32
2018-07-12,2018,7,3,Summer,Thursday,1374318.0,163328.0,134918.0,26420.0,324666.0,23.62
2018-07-13,2018,7,3,Summer,Friday,1360016.0,218134.0,119779.0,19134.0,357047.0,26.25
2018-07-14,2018,7,3,Summer,Saturday,1131521.0,208149.0,79387.0,9476.0,297012.0,26.25
2018-07-15,2018,7,3,Summer,Sunday,1040516.0,207459.0,57072.0,3997.0,268528.0,25.81
2018-07-16,2018,7,3,Summer,Monday,1339618.0,209683.0,42941.0,5605.0,258229.0,19.28
2018-07-17,2018,7,3,Summer,Tuesday,1372255.0,205623.0,115579.0,18600.0,339802.0,24.76
2018-07-18,2018,7,3,Summer,Wednesday,1376828.0,215613.0,209135.0,16858.0,441606.0,32.07
2018-07-19,2018,7,3,Summer,Thursday,1366904.0,223633.0,107391.0,11527.0,342551.0,25.06
2018-07-20,2018,7,3,Summer,Friday,1339392.0,211036.0,74773.0,6760.0,292569.0,21.84
2018-07-21,2018,7,3,Summer,Saturday,1130277.0,125104.0,68621.0,9230.0,202955.0,17.96
2018-07-22,2018,7,3,Summer,Sunday,1056975.0,136166.0,70104.0,4834.0,211104.0,19.97
2018-07-23,2018,7,3,Summer,Monday,1365425.0,200093.0,40712.0,2537.0,243342.0,17.82
2018-07-24,2018,7,3,Summer,Tuesday,1398013.0,227122.0,33170.0,2627.0,262919.0,18.81
2018-07-25,2018,7,3,Summer,Wednesday,1417898.0,207923.0,68497.0,8879.0,285299.0,20.12
2018-07-26,2018,7,3,Summer,Thursday,1419851.0,222217.0,128582.0,34092.0,384891.0,27.11
2018-07-27,2018,7,3,Summer,Friday,1398559.0,209752.0,177304.0,62809.0,449865.0,32.17
2018-07-28,2018,7,3,Summer,Saturday,1186101.0,167972.0,183615.0,52605.0,404192.0,34.08
2018-07-29,2018,7,3,Summer,Sunday,1072377.0,200541.0,103887.0,33078.0,337506.0,31.47
2018-07-30,2018,7,3,Summer,Monday,1371452.0,207326.0,78109.0,24995.0,310430.0,22.64
2018-07-31,2018,7,3,Summer,Tuesday,1405774.0,206790.0,123759.0,12660.0,343209.0,24.41
2018-08-01,2018,8,3,Summer,Wednesday,1396351.0,181816.0,91558.0,2096.0,275470.0,19.73
2018-08-02,2018,8,3,Summer,Thursday,1403751.0,194361.0,78112.0,2068.0,274541.0,19.56
2018-08-03,2018,8,3,Summer,Friday,1382454.0,213280.0,64610.0,1523.0,279413.0,20.21
2018-08-04,2018,8,3,Summer,Saturday,1194236.0,190045.0,102725.0,15325.0,308095.0,25.8
2018-08-05,2018,8,3,Summer,Sunday,1080451.0,194357.0,163173.0,33848.0,391378.0,36.22
2018-08-06,2018,8,3,Summer,Monday,1366916.0,224432.0,71999.0,14473.0,310904.0,22.74
2018-08-07,2018,8,3,Summer,Tuesday,1403334.0,191145.0,133767.0,13311.0,338223.0,24.1
2018-08-08,2018,8,3,Summer,Wednesday,1423756.0,169541.0,226117.0,60049.0,455707.0,32.01
2018-08-09,2018,8,3,Summer,Thursday,1406065.0,180580.0,268461.0,31371.0,480412.0,34.17
2018-08-10,2018,8,3,Summer,Friday,1357881.0,150610.0,348632.0,70733.0,569975.0,41.98
2018-08-11,2018,8,3,Summer,Saturday,1132388.0,182277.0,328096.0,70436.0,580809.0,51.29
2018-08-12,2018,8,3,Summer,Sunday,1030433.0,211602.0,86344.0,45748.0,343694.0,33.35
2018-08-13,2018,8,3,Summer,Monday,1338310.0,129614.0,166431.0,9892.0,305937.0,22.86
2018-08-14,2018,8,3,Summer,Tuesday,1352481.0,135621.0,269017.0,30371.0,435009.0,32.16
2018-08-15,2018,8,3,Summer,Wednesday,1313368.0,142103.0,86956.0,28692.0,257751.0,19.63
2018-08-16,2018,8,3,Summer,Thursday,1358858.0,212894.0,107391.0,51701.0,371986.0,27.37
2018-08-17,2018,8,3,Summer,Friday,1342588.0,179477.0,109865.0,13152.0,302494.0,22.53
2018-08-18,2018,8,3,Summer,Saturday,1171282.0,187384.0,98967.0,57702.0,344053.0,29.37
2018-08-19,2018,8,3,Summer,Sunday,1078471.0,198945.0,126351.0,58098.0,383394.0,35.55
2018-08-20,2018,8,3,Summer,Monday,1369526.0,144673.0,146328.0,24135.0,315136.0,23.01
2018-08-21,2018,8,3,Summer,Tuesday,1380031.0,171581.0,42638.0,7640.0,221859.0,16.08
2018-08-22,2018,8,3,Summer,Wednesday,1408002.0,199007.0,73447.0,17487.0,289941.0,20.59
2018-08-23,2018,8,3,Summer,Thursday,1426679.0,160327.0,116762.0,33604.0,310693.0,21.78
2018-08-24,2018,8,3,Summer,Friday,1386019.0,108220.0,257270.0,69944.0,435434.0,31.42
2018-08-25,2018,8,3,Summer,Saturday,1154646.0,96416.0,252573.0,44606.0,393595.0,34.09
2018-08-26,2018,8,3,Summer,Sunday,1056393.0,184301.0,168345.0,57575.0,410221.0,38.83
2018-08-27,2018,8,3,Summer,Monday,1401588.0,121039.0,419430.0,88280.0,628749.0,44.86
2018-08-28,2018,8,3,Summer,Tuesday,1388304.0,165907.0,80557.0,13435.0,259899.0,18.72
2018-08-29,2018,8,3,Summer,Wednesday,1404496.0,177245.0,160899.0,22476.0,360620.0,25.68
2018-08-30,2018,8,3,Summer,Thursday,1408865.0,81663.0,277653.0,53558.0,412874.0,29.31
2018-08-31,2018,8,3,Summer,Friday,1347898.0,102988.0,122428.0,33127.0,258543.0,19.18
2018-09-01,2018,9,3,Autumn,Saturday,1145192.0,122421.0,93855.0,4405.0,220681.0,19.27
2018-09-02,2018,9,3,Autumn,Sunday,1074282.0,78144.0,161222.0,9309.0,248675.0,23.15
2018-09-03,2018,9,3,Autumn,Monday,1382460.0,96692.0,136677.0,30833.0,264202.0,19.11
2018-09-04,2018,9,3,Autumn,Tuesday,1402144.0,136608.0,71354.0,11769.0,219731.0,15.67
2018-09-05,2018,9,3,Autumn,Wednesday,1397233.0,167416.0,72291.0,5961.0,245668.0,17.58
2018-09-06,2018,9,3,Autumn,Thursday,1411002.0,140725.0,102371.0,13785.0,256881.0,18.21
2018-09-07,2018,9,3,Autumn,Friday,1384594.0,102417.0,176075.0,42364.0,320856.0,23.17
2018-09-08,2018,9,3,Autumn,Saturday,1174031.0,172188.0,196734.0,79253.0,448175.0,38.17
2018-09-09,2018,9,3,Autumn,Sunday,1072830.0,161908.0,95420.0,59678.0,317006.0,29.55
2018-09-10,2018,9,3,Autumn,Monday,1385474.0,136237.0,128555.0,51725.0,316517.0,22.85
2018-09-11,2018,9,3,Autumn,Tuesday,1434741.0,161734.0,347655.0,87225.0,596614.0,41.58
2018-09-12,2018,9,3,Autumn,Wednesday,1422914.0,153095.0,157166.0,55995.0,366256.0,25.74
2018-09-13,2018,9,3,Autumn,Thursday,1406757.0,88606.0,33746.0,27429.0,149781.0,10.65
2018-09-14,2018,9,3,Autumn,Friday,1376411.0,107782.0,71810.0,74434.0,254026.0,18.46
2018-09-15,2018,9,3,Autumn,Saturday,1163966.0,131634.0,174155.0,59603.0,365392.0,31.39
2018-09-16,2018,9,3,Autumn,Sunday,1069905.0,169802.0,100922.0,77393.0,348117.0,32.54
2018-09-17,2018,9,3,Autumn,Monday,1375395.0,169018.0,89707.0,39041.0,297766.0,21.65
2018-09-18,2018,9,3,Autumn,Tuesday,1455775.0,170265.0,269246.0,87919.0,527430.0,36.23
2018-09-19,2018,9,3,Autumn,Wednesday,1450314.0,153551.0,250769.0,91746.0,496066.0,34.2
2018-09-20,2018,9,3,Autumn,Thursday,1447562.0,154878.0,260100.0,69111.0,484089.0,33.44
2018-09-21,2018,9,3,Autumn,Friday,1458548.0,93470.0,649769.0,84412.0,827651.0,56.74
2018-09-22,2018,9,3,Autumn,Saturday,1207228.0,111125.0,445648.0,95393.0,652166.0,54.02
2018-09-23,2018,9,3,Autumn,Sunday,1114632.0,50429.0,308010.0,74621.0,433060.0,38.85
2018-09-24,2018,9,3,Autumn,Monday,1423826.0,131064.0,496103.0,102360.0,729527.0,51.24
2018-09-25,2018,9,3,Autumn,Tuesday,1407105.0,160265.0,144610.0,43580.0,348455.0,24.76
2018-09-26,2018,9,3,Autumn,Wednesday,1451959.0,147659.0,388320.0,104226.0,640205.0,44.09
2018-09-27,2018,9,3,Autumn,Thursday,1426402.0,156948.0,226203.0,88105.0,471256.0,33.04
2018-09-28,2018,9,3,Autumn,Friday,1422547.0,121814.0,276320.0,82614.0,480748.0,33.79
2018-09-29,2018,9,3,Autumn,Saturday,1194314.0,159667.0,139144.0,67882.0,366693.0,30.7
2018-09-30,2018,9,3,Autumn,Sunday,1102686.0,161752.0,130595.0,65235.0,357582.0,32.43
2018-10-01,2018,10,4,Autumn,Monday,1416219.0,76559.0,253188.0,89801.0,419548.0,29.62
2018-10-02,2018,10,4,Autumn,Tuesday,1453853.0,55055.0,612625.0,91770.0,759450.0,52.24
2018-10-03,2018,10,4,Autumn,Wednesday,1198790.0,86255.0,510148.0,81588.0,677991.0,56.56
2018-10-04,2018,10,4,Autumn,Thursday,1388491.0,111888.0,158858.0,59282.0,330028.0,23.77
2018-10-05,2018,10,4,Autumn,Friday,1378312.0,155979.0,178500.0,42961.0,377440.0,27.38
2018-10-06,2018,10,4,Autumn,Saturday,1183793.0,125387.0,149250.0,34710.0,309347.0,26.13
2018-10-07,2018,10,4,Autumn,Sunday,1100768.0,92470.0,174419.0,37543.0,304432.0,27.66
2018-10-08,2018,10,4,Autumn,Monday,1405071.0,115605.0,103036.0,94988.0,313629.0,22.32
2018-10-09,2018,10,4,Autumn,Tuesday,1423952.0,106617.0,93089.0,75228.0,274934.0,19.31
2018-10-10,2018,10,4,Autumn,Wednesday,1418341.0,131030.0,234664.0,36388.0,402082.0,28.35
2018-10-11,2018,10,4,Autumn,Thursday,1447016.0,131699.0,302575.0,75619.0,509893.0,35.24
2018-10-12,2018,10,4,Autumn,Friday,1403990.0,134785.0,239840.0,86534.0,461159.0,32.85
2018-10-13,2018,10,4,Autumn,Saturday,1183048.0,137382.0,269451.0,95876.0,502709.0,42.49
2018-10-14,2018,10,4,Autumn,Sunday,1101204.0,137123.0,329962.0,70305.0,537390.0,48.8
2018-10-15,2018,10,4,Autumn,Monday,1381802.0,124529.0,136718.0,16771.0,278018.0,20.12
2018-10-16,2018,10,4,Autumn,Tuesday,1405673.0,108043.0,36465.0,15708.0,160216.0,11.4
2018-10-17,2018,10,4,Autumn,Wednesday,1407042.0,116468.0,36256.0,14125.0,166849.0,11.86
2018-10-18,2018,10,4,Autumn,Thursday,1429421.0,85440.0,125801.0,31199.0,242440.0,16.96
2018-10-19,2018,10,4,Autumn,Friday,1390178.0,86407.0,42957.0,6846.0,136210.0,9.8
2018-10-20,2018,10,4,Autumn,Saturday,1211982.0,86941.0,88992.0,27334.0,203267.0,16.77
2018-10-21,2018,10,4,Autumn,Sunday,1141939.0,103527.0,90440.0,58917.0,252884.0,22.15
2018-10-22,2018,10,4,Autumn,Monday,1464403.0,81702.0,241072.0,97220.0,419994.0,28.68
2018-10-23,2018,10,4,Autumn,Tuesday,1533409.0,28192.0,773284.0,90921.0,892397.0,58.2
2018-10-24,2018,10,4,Autumn,Wednesday,1506698.0,38538.0,559322.0,101782.0,699642.0,46.44
2018-10-25,2018,10,4,Autumn,Thursday,1492811.0,36799.0,492273.0,83870.0,612942.0,41.06
2018-10-26,2018,10,4,Autumn,Friday,1449126.0,51662.0,344093.0,84975.0,480730.0,33.17
2018-10-27,2018,10,4,Autumn,Saturday,1245710.0,37145.0,285951.0,72310.0,395406.0,31.74
2018-10-28,2018,10,4,Autumn,Sunday,1166875.0,27394.0,391723.0,74507.0,493624.0,42.3
2018-10-29,2018,10,4,Autumn,Monday,1496905.0,15992.0,470216.0,102604.0,588812.0,39.34
2018-10-30,2018,10,4,Autumn,Tuesday,1508166.0,43386.0,633199.0,94879.0,771464.0,51.15
2018-10-31,2018,10,4,Autumn,Wednesday,1401622.0,78591.0,377400.0,60741.0,516732.0,36.87
2018-11-01,2018,11,4,Autumn,Thursday,1277236.0,44722.0,229248.0,69741.0,343711.0,26.91
2018-11-02,2018,11,4,Autumn,Friday,1358953.0,55987.0,248146.0,69285.0,373418.0,27.48
2018-11-03,2018,11,4,Autumn,Saturday,1220340.0,56753.0,105865.0,60318.0,222936.0,18.27
2018-11-04,2018,11,4,Autumn,Sunday,1130933.0,22226.0,138258.0,50042.0,210526.0,18.62
2018-11-05,2018,11,4,Autumn,Monday,1437182.0,45461.0,167826.0,43154.0,256441.0,17.84
2018-11-06,2018,11,4,Autumn,Tuesday,1468573.0,70838.0,195737.0,47656.0,314231.0,21.4
2018-11-07,2018,11,4,Autumn,Wednesday,1487778.0,80606.0,204396.0,68319.0,353321.0,23.75
2018-11-08,2018,11,4,Autumn,Thursday,1476516.0,44317.0,121402.0,52721.0,218440.0,14.79
2018-11-09,2018,11,4,Autumn,Friday,1463203.0,34655.0,185606.0,56759.0,277020.0,18.93
2018-11-10,2018,11,4,Autumn,Saturday,1275402.0,35837.0,390753.0,100930.0,527520.0,41.36
2018-11-11,2018,11,4,Autumn,Sunday,1162809.0,42740.0,424239.0,105713.0,572692.0,49.25
2018-11-12,2018,11,4,Autumn,Monday,1453006.0,41930.0,271123.0,44944.0,357997.0,24.64
2018-11-13,2018,11,4,Autumn,Tuesday,1504547.0,23394.0,402615.0,83277.0,509286.0,33.85
2018-11-14,2018,11,4,Autumn,Wednesday,1505330.0,49393.0,160343.0,74265.0,284001.0,18.87
2018-11-15,2018,11,4,Autumn,Thursday,1515757.0,44127.0,154953.0,32388.0,231468.0,15.27
2018-11-16,2018,11,4,Autumn,Friday,1512410.0,75882.0,325675.0,43204.0,444761.0,29.41
2018-11-17,2018,11,4,Autumn,Saturday,1338072.0,80903.0,377736.0,69698.0,528337.0,39.48
2018-11-18,2018,11,4,Autumn,Sunday,1199820.0,69174.0,302120.0,64210.0,435504.0,36.3
2018-11-19,2018,11,4,Autumn,Monday,1547961.0,18837.0,579106.0,94397.0,692340.0,44.73
2018-11-20,2018,11,4,Autumn,Tuesday,1588057.0,22046.0,654708.0,77735.0,754489.0,47.51
2018-11-21,2018,11,4,Autumn,Wednesday,1572392.0,16576.0,295827.0,100721.0,413124.0,26.27
2018-11-22,2018,11,4,Autumn,Thursday,1570714.0,20621.0,120283.0,66464.0,207368.0,13.2
2018-11-23,2018,11,4,Autumn,Friday,1521816.0,29985.0,82399.0,15945.0,128329.0,8.43
2018-11-24,2018,11,4,Autumn,Saturday,1314072.0,16337.0,87058.0,20924.0,124319.0,9.46
2018-11-25,2018,11,4,Autumn,Sunday,1225953.0,21647.0,111738.0,66956.0,200341.0,16.34
2018-11-26,2018,11,4,Autumn,Monday,1525694.0,11103.0,184308.0,56594.0,252005.0,16.52
2018-11-27,2018,11,4,Autumn,Tuesday,1556957.0,15974.0,91551.0,56434.0,163959.0,10.53
2018-11-28,2018,11,4,Autumn,Wednesday,1622753.0,35069.0,438109.0,96523.0,569701.0,35.11
2018-11-29,2018,11,4,Autumn,Thursday,1615720.0,31406.0,573215.0,81887.0,686508.0,42.49
2018-11-30,2018,11,4,Autumn,Friday,1569886.0,12406.0,341521.0,105756.0,459683.0,29.28
2018-12-01,2018,12,4,Winter,Saturday,1342913.0,27296.0,355759.0,98443.0,481498.0,35.85
2018-12-02,2018,12,4,Winter,Sunday,1245775.0,8032.0,546881.0,101401.0,656314.0,52.68
2018-12-03,2018,12,4,Winter,Monday,1541247.0,17736.0,499795.0,109381.0,626912.0,40.68
2018-12-04,2018,12,4,Winter,Tuesday,1564282.0,31009.0,405311.0,81945.0,518265.0,33.13
2018-12-05,2018,12,4,Winter,Wednesday,1578884.0,32668.0,267066.0,79837.0,379571.0,24.04
2018-12-06,2018,12,4,Winter,Thursday,1581271.0,10874.0,408524.0,92254.0,511652.0,32.36
2018-12-07,2018,12,4,Winter,Friday,1560233.0,11698.0,689866.0,97467.0,799031.0,51.21
2018-12-08,2018,12,4,Winter,Saturday,1374452.0,18137.0,893637.0,105262.0,1017036.0,74.0
2018-12-09,2018,12,4,Winter,Sunday,1269843.0,11513.0,779632.0,108417.0,899562.0,70.84
2018-12-10,2018,12,4,Winter,Monday,1598131.0,23727.0,747283.0,94785.0,865795.0,54.18
2018-12-11,2018,12,4,Winter,Tuesday,1596176.0,18571.0,401493.0,74562.0,494626.0,30.99
2018-12-12,2018,12,4,Winter,Wednesday,1575496.0,17306.0,123138.0,44113.0,184557.0,11.71
2018-12-13,2018,12,4,Winter,Thursday,1593433.0,19737.0,192918.0,70122.0,282777.0,17.75
2018-12-14,2018,12,4,Winter,Friday,1575088.0,9677.0,117226.0,48570.0,175473.0,11.14
2018-12-15,2018,12,4,Winter,Saturday,1384575.0,9248.0,195687.0,88005.0,292940.0,21.16
2018-12-16,2018,12,4,Winter,Sunday,1302009.0,7829.0,222831.0,71998.0,302658.0,23.25
2018-12-17,2018,12,4,Winter,Monday,1530032.0,12758.0,159856.0,33772.0,206386.0,13.49
2018-12-18,2018,12,4,Winter,Tuesday,1556582.0,31158.0,269900.0,73471.0,374529.0,24.06
2018-12-19,2018,12,4,Winter,Wednesday,1569210.0,9889.0,347976.0,109785.0,467650.0,29.8
2018-12-20,2018,12,4,Winter,Thursday,1511565.0,18420.0,306607.0,72368.0,397395.0,26.29
2018-12-21,2018,12,4,Winter,Friday,1434216.0,6573.0,678585.0,75843.0,761001.0,53.06
2018-12-22,2018,12,4,Winter,Saturday,1238788.0,11551.0,485084.0,34243.0,530878.0,42.85
2018-12-23,2018,12,4,Winter,Sunday,1140245.0,9498.0,353139.0,51911.0,414548.0,36.36
2018-12-24,2018,12,4,Winter,Monday,1130752.0,19312.0,295225.0,61527.0,376064.0,33.26
2018-12-25,2018,12,4,Winter,Tuesday,1097551.0,18841.0,439872.0,112873.0,571586.0,52.08
2018-12-26,2018,12,4,Winter,Wednesday,1127190.0,24225.0,312471.0,90736.0,427432.0,37.92
2018-12-27,2018,12,4,Winter,Thursday,1266525.0,27663.0,207716.0,75093.0,310472.0,24.51
2018-12-28,2018,12,4,Winter,Friday,1263661.0,27556.0,177864.0,50902.0,256322.0,20.28
2018-12-29,2018,12,4,Winter,Saturday,1227454.0,10390.0,447108.0,85985.0,543483.0,44.28
2018-12-30,2018,12,4,Winter,Sunday,1131565.0,12451.0,502814.0,62853.0,578118.0,51.09
2018-12-31,2018,12,4,Winter,Monday,1148098.0,9327.0,187153.0,57980.0,254460.0,22.16
2019-01-01,2019,1,1,Winter,Tuesday,1096818.0,10091.0,761824.0,53411.0,825326.0,75.25
2019-01-02,2019,1,1,Winter,Wednesday,1387561.0,31118.0,588909.0,77700.0,697727.0,50.28
2019-01-03,2019,1,1,Winter,Thursday,1450347.0,22529.0,226316.0,62504.0,311349.0,21.47
2019-01-04,2019,1,1,Winter,Friday,1465718.0,9581.0,459735.0,90405.0,559721.0,38.19
2019-01-05,2019,1,1,Winter,Saturday,1302064.0,6806.0,506590.0,89140.0,602536.0,46.28
2019-01-06,2019,1,1,Winter,Sunday,1188781.0,11843.0,182399.0,63589.0,257831.0,21.69
2019-01-07,2019,1,1,Winter,Monday,1505437.0,10431.0,394558.0,71360.0,476349.0,31.64
2019-01-08,2019,1,1,Winter,Tuesday,1592422.0,13495.0,873241.0,89002.0,975738.0,61.27
2019-01-09,2019,1,1,Winter,Wednesday,1605541.0,13002.0,652936.0,107480.0,773418.0,48.17
2019-01-10,2019,1,1,Winter,Thursday,1553378.0,10977.0,150293.0,22624.0,183894.0,11.84
2019-01-11,2019,1,1,Winter,Friday,1586661.0,5340.0,406464.0,104246.0,516050.0,32.52
2019-01-12,2019,1,1,Winter,Saturday,1354625.0,6872.0,623713.0,107399.0,737984.0,54.48
2019-01-13,2019,1,1,Winter,Sunday,1280466.0,6074.0,799834.0,107326.0,913234.0,71.32
2019-01-14,2019,1,1,Winter,Monday,1580879.0,25280.0,725672.0,104157.0,855109.0,54.09
2019-01-15,2019,1,1,Winter,Tuesday,1597212.0,15105.0,746804.0,82664.0,844573.0,52.88
2019-01-16,2019,1,1,Winter,Wednesday,1587297.0,31044.0,620478.0,108436.0,759958.0,47.88
2019-01-17,2019,1,1,Winter,Thursday,1598738.0,20161.0,623019.0,114746.0,757926.0,47.41
2019-01-18,2019,1,1,Winter,Friday,1539861.0,47412.0,209162.0,29213.0,285787.0,18.56
2019-01-19,2019,1,1,Winter,Saturday,1331773.0,63099.0,107449.0,27880.0,198428.0,14.9
2019-01-20,2019,1,1,Winter,Sunday,1251387.0,53513.0,49141.0,10139.0,112793.0,9.01
2019-01-21,2019,1,1,Winter,Monday,1565741.0,51716.0,93808.0,39588.0,185112.0,11.82
2019-01-22,2019,1,1,Winter,Tuesday,1629258.0,37538.0,198611.0,98535.0,334684.0,20.54
2019-01-23,2019,1,1,Winter,Wednesday,1636406.0,27037.0,130684.0,30923.0,188644.0,11.53
2019-01-24,2019,1,1,Winter,Thursday,1614503.0,14512.0,33004.0,15151.0,62667.0,3.88
2019-01-25,2019,1,1,Winter,Friday,1596455.0,16236.0,139997.0,59925.0,216158.0,13.54
2019-01-26,2019,1,1,Winter,Saturday,1387756.0,11533.0,436936.0,70379.0,518848.0,37.39
2019-01-27,2019,1,1,Winter,Sunday,1252499.0,23961.0,499974.0,78139.0,602074.0,48.07
2019-01-28,2019,1,1,Winter,Monday,1564525.0,24378.0,419137.0,76791.0,520306.0,33.26
2019-01-29,2019,1,1,Winter,Tuesday,1573591.0,35955.0,262125.0,83476.0,381556.0,24.25
2019-01-30,2019,1,1,Winter,Wednesday,1581907.0,33922.0,370422.0,74969.0,479313.0,30.3
2019-01-31,2019,1,1,Winter,Thursday,1568665.0,54459.0,187543.0,63484.0,305486.0,19.47
2019-02-01,2019,2,1,Winter,Friday,1567726.0,20369.0,247211.0,93316.0,360896.0,23.02
2019-02-02,2019,2,1,Winter,Saturday,1324352.0,20033.0,83898.0,33793.0,137724.0,10.4
2019-02-03,2019,2,1,Winter,Sunday,1250147.0,19587.0,227524.0,64662.0,311773.0,24.94
2019-02-04,2019,2,1,Winter,Monday,1554441.0,56587.0,396685.0,96976.0,550248.0,35.4
2019-02-05,2019,2,1,Winter,Tuesday,1590847.0,35248.0,269832.0,81336.0,386416.0,24.29
2019-02-06,2019,2,1,Winter,Wednesday,1573666.0,54640.0,274250.0,87831.0,416721.0,26.48
2019-02-07,2019,2,1,Winter,Thursday,1600480.0,27671.0,531236.0,85971.0,644878.0,40.29
2019-02-08,2019,2,1,Winter,Friday,1560224.0,55579.0,675626.0,106722.0,837927.0,53.71
2019-02-09,2019,2,1,Winter,Saturday,1356901.0,57346.0,840409.0,87089.0,984844.0,72.58
2019-02-10,2019,2,1,Winter,Sunday,1239843.0,25343.0,713088.0,80413.0,818844.0,66.04
2019-02-11,2019,2,1,Winter,Monday,1576908.0,40097.0,705721.0,85204.0,831022.0,52.7
2019-02-12,2019,2,1,Winter,Tuesday,1567663.0,46594.0,384948.0,79511.0,511053.0,32.6
2019-02-13,2019,2,1,Winter,Wednesday,1572777.0,72097.0,351899.0,106254.0,530250.0,33.71
2019-02-14,2019,2,1,Winter,Thursday,1535395.0,102957.0,124301.0,60060.0,287318.0,18.71
2019-02-15,2019,2,1,Winter,Friday,1508118.0,126463.0,161201.0,55172.0,342836.0,22.73
2019-02-16,2019,2,1,Winter,Saturday,1280431.0,127754.0,272899.0,100475.0,501128.0,39.14
2019-02-17,2019,2,1,Winter,Sunday,1172941.0,121886.0,152677.0,66317.0,340880.0,29.06
2019-02-18,2019,2,1,Winter,Monday,1479719.0,130737.0,192265.0,66921.0,389923.0,26.35
2019-02-19,2019,2,1,Winter,Tuesday,1542973.0,66616.0,463625.0,115209.0,645450.0,41.83
2019-02-20,2019,2,1,Winter,Wednesday,1518220.0,75160.0,262329.0,104582.0,442071.0,29.12
2019-02-21,2019,2,1,Winter,Thursday,1511198.0,63606.0,326439.0,86405.0,476450.0,31.53
2019-02-22,2019,2,1,Winter,Friday,1491577.0,47569.0,199586.0,37463.0,284618.0,19.08
2019-02-23,2019,2,1,Winter,Saturday,1278690.0,128440.0,177036.0,34953.0,340429.0,26.62
2019-02-24,2019,2,1,Winter,Sunday,1168166.0,127709.0,84783.0,15099.0,227591.0,19.48
2019-02-25,2019,2,1,Winter,Monday,1450753.0,138888.0,100798.0,17178.0,256864.0,17.71
2019-02-26,2019,2,1,Winter,Tuesday,1480463.0,131282.0,71937.0,8459.0,211678.0,14.3
2019-02-27,2019,2,1,Winter,Wednesday,1489008.0,149453.0,155526.0,46356.0,351335.0,23.6
2019-02-28,2019,2,1,Winter,Thursday,1480399.0,121550.0,391699.0,32824.0,546073.0,36.89
2019-03-01,2019,3,1,Spring,Friday,1474216.0,31872.0,172395.0,37410.0,241677.0,16.39
2019-03-02,2019,3,1,Spring,Saturday,1267024.0,35212.0,216068.0,63187.0,314467.0,24.82
2019-03-03,2019,3,1,Spring,Sunday,1183083.0,48659.0,736363.0,109575.0,894597.0,75.62
2019-03-04,2019,3,1,Spring,Monday,1471039.0,60335.0,854153.0,90273.0,1004761.0,68.3
2019-03-05,2019,3,1,Spring,Tuesday,1499879.0,70024.0,647460.0,87470.0,804954.0,53.67
2019-03-06,2019,3,1,Spring,Wednesday,1493381.0,100057.0,494463.0,115059.0,709579.0,47.51
2019-03-07,2019,3,1,Spring,Thursday,1510107.0,69869.0,743176.0,122088.0,935133.0,61.92
2019-03-08,2019,3,1,Spring,Friday,1480475.0,83474.0,675867.0,118278.0,877619.0,59.28
2019-03-09,2019,3,1,Spring,Saturday,1284165.0,59287.0,811227.0,113882.0,984396.0,76.66
2019-03-10,2019,3,1,Spring,Sunday,1171434.0,51349.0,478875.0,58088.0,588312.0,50.22
2019-03-11,2019,3,1,Spring,Monday,1497809.0,66667.0,572809.0,64226.0,703702.0,46.98
2019-03-12,2019,3,1,Spring,Tuesday,1504038.0,110939.0,589142.0,115529.0,815610.0,54.23
2019-03-13,2019,3,1,Spring,Wednesday,1547063.0,79842.0,846591.0,108064.0,1034497.0,66.87
2019-03-14,2019,3,1,Spring,Thursday,1551258.0,34122.0,765597.0,125610.0,925329.0,59.65
2019-03-15,2019,3,1,Spring,Friday,1521453.0,36130.0,793300.0,124188.0,953618.0,62.68
2019-03-16,2019,3,1,Spring,Saturday,1273487.0,53092.0,664894.0,116959.0,834945.0,65.56
2019-03-17,2019,3,1,Spring,Sunday,1198149.0,103203.0,665809.0,109516.0,878528.0,73.32
2019-03-18,2019,3,1,Spring,Monday,1494305.0,101952.0,600466.0,103724.0,806142.0,53.95
2019-03-19,2019,3,1,Spring,Tuesday,1497908.0,135391.0,158085.0,39392.0,332868.0,22.22
2019-03-20,2019,3,1,Spring,Wednesday,1481712.0,160746.0,172185.0,75586.0,408517.0,27.57
2019-03-21,2019,3,1,Spring,Thursday,1460821.0,165043.0,132269.0,85004.0,382316.0,26.17
2019-03-22,2019,3,1,Spring,Friday,1421133.0,164432.0,90556.0,29810.0,284798.0,20.04
2019-03-23,2019,3,1,Spring,Saturday,1212556.0,155150.0,147606.0,42391.0,345147.0,28.46
2019-03-24,2019,3,1,Spring,Sunday,1116658.0,137484.0,133785.0,59591.0,330860.0,29.63
2019-03-25,2019,3,1,Spring,Monday,1454777.0,109078.0,464026.0,119666.0,692770.0,47.62
2019-03-26,2019,3,1,Spring,Tuesday,1477696.0,85996.0,360763.0,91525.0,538284.0,36.43
2019-03-27,2019,3,1,Spring,Wednesday,1464563.0,91979.0,183916.0,60153.0,336048.0,22.95
2019-03-28,2019,3,1,Spring,Thursday,1443308.0,102484.0,96927.0,15653.0,215064.0,14.9
2019-03-29,2019,3,1,Spring,Friday,1396554.0,174860.0,90236.0,54764.0,319860.0,22.9
2019-03-30,2019,3,1,Spring,Saturday,1184709.0,204365.0,124298.0,34183.0,362846.0,30.63
2019-03-31,2019,3,1,Spring,Sunday,1116007.0,168900.0,215044.0,53298.0,437242.0,39.18
2019-04-01,2019,4,2,Spring,Monday,1403002.0,214223.0,284270.0,36762.0,535255.0,38.15
2019-04-02,2019,4,2,Spring,Tuesday,1458393.0,176227.0,350992.0,89394.0,616613.0,42.28
2019-04-03,2019,4,2,Spring,Wednesday,1445235.0,119340.0,154831.0,29226.0,303397.0,20.99
2019-04-04,2019,4,2,Spring,Thursday,1457117.0,106582.0,133217.0,26228.0,266027.0,18.26
2019-04-05,2019,4,2,Spring,Friday,1435695.0,79476.0,77593.0,42705.0,199774.0,13.91
2019-04-06,2019,4,2,Spring,Saturday,1187166.0,173180.0,158121.0,37009.0,368310.0,31.02
2019-04-07,2019,4,2,Spring,Sunday,1094280.0,186998.0,147249.0,15540.0,349787.0,31.97
2019-04-08,2019,4,2,Spring,Monday,1399265.0,145576.0,152975.0,71550.0,370101.0,26.45
2019-04-09,2019,4,2,Spring,Tuesday,1446354.0,145910.0,233335.0,56567.0,435812.0,30.13
2019-04-10,2019,4,2,Spring,Wednesday,1448945.0,154261.0,259079.0,47495.0,460835.0,31.8
2019-04-11,2019,4,2,Spring,Thursday,1440596.0,150207.0,204845.0,18066.0,373118.0,25.9
2019-04-12,2019,4,2,Spring,Friday,1428133.0,112023.0,164631.0,33540.0,310194.0,21.72
2019-04-13,2019,4,2,Spring,Saturday,1231670.0,122773.0,198711.0,85624.0,407108.0,33.05
2019-04-14,2019,4,2,Spring,Sunday,1141720.0,115318.0,236794.0,85198.0,437310.0,38.3
2019-04-15,2019,4,2,Spring,Monday,1398070.0,225365.0,291674.0,99225.0,616264.0,44.08
2019-04-16,2019,4,2,Spring,Tuesday,1441097.0,221233.0,318403.0,109315.0,648951.0,45.03
2019-04-17,2019,4,2,Spring,Wednesday,1424497.0,201037.0,289226.0,107873.0,598136.0,41.99
2019-04-18,2019,4,2,Spring,Thursday,1367387.0,234750.0,369111.0,104166.0,708027.0,51.78
2019-04-19,2019,4,2,Spring,Friday,1059125.0,238016.0,256259.0,58640.0,552915.0,52.2
2019-04-20,2019,4,2,Spring,Saturday,1044815.0,238193.0,154224.0,19232.0,411649.0,39.4
2019-04-21,2019,4,2,Spring,Sunday,943261.0,239745.0,134794.0,21180.0,395719.0,41.95
2019-04-22,2019,4,2,Spring,Monday,1013166.0,236687.0,436559.0,94304.0,767550.0,75.76
2019-04-23,2019,4,2,Spring,Tuesday,1365201.0,186883.0,629407.0,117463.0,933753.0,68.4
2019-04-24,2019,4,2,Spring,Wednesday,1388289.0,207951.0,385468.0,122232.0,715651.0,51.55
2019-04-25,2019,4,2,Spring,Thursday,1394648.0,211871.0,280043.0,51012.0,542926.0,38.93
2019-04-26,2019,4,2,Spring,Friday,1380617.0,108075.0,251606.0,20384.0,380065.0,27.53
2019-04-27,2019,4,2,Spring,Saturday,1161582.0,126033.0,222222.0,42353.0,390608.0,33.63
2019-04-28,2019,4,2,Spring,Sunday,1089071.0,133506.0,101683.0,10144.0,245333.0,22.53
2019-04-29,2019,4,2,Spring,Monday,1403843.0,101918.0,235447.0,36608.0,373973.0,26.64
2019-04-30,2019,4,2,Spring,Tuesday,1368016.0,197997.0,148304.0,23024.0,369325.0,27.0
2019-05-01,2019,5,2,Spring,Wednesday,1073955.0,186968.0,225058.0,68033.0,480059.0,44.7
2019-05-02,2019,5,2,Spring,Thursday,1381411.0,165541.0,358887.0,102681.0,627109.0,45.4
2019-05-03,2019,5,2,Spring,Friday,1387251.0,125887.0,302837.0,96913.0,525637.0,37.89
2019-05-04,2019,5,2,Spring,Saturday,1195601.0,116456.0,228178.0,87309.0,431943.0,36.13
2019-05-05,2019,5,2,Spring,Sunday,1114616.0,153198.0,165859.0,88825.0,407882.0,36.59
2019-05-06,2019,5,2,Spring,Monday,1433576.0,140552.0,238636.0,95967.0,475155.0,33.14
2019-05-07,2019,5,2,Spring,Tuesday,1429747.0,174983.0,91364.0,32355.0,298702.0,20.89
2019-05-08,2019,5,2,Spring,Wednesday,1445616.0,113906.0,292720.0,65121.0,471747.0,32.63
2019-05-09,2019,5,2,Spring,Thursday,1428327.0,143072.0,193632.0,48403.0,385107.0,26.96
2019-05-10,2019,5,2,Spring,Friday,1400467.0,144461.0,181309.0,29548.0,355318.0,25.37
2019-05-11,2019,5,2,Spring,Saturday,1183398.0,109651.0,250078.0,33631.0,393360.0,33.24
2019-05-12,2019,5,2,Spring,Sunday,1090830.0,180037.0,327045.0,65350.0,572432.0,52.48
2019-05-13,2019,5,2,Spring,Monday,1377554.0,238401.0,252556.0,26859.0,517816.0,37.59
2019-05-14,2019,5,2,Spring,Tuesday,1414190.0,205973.0,238829.0,8270.0,453072.0,32.04
2019-05-15,2019,5,2,Spring,Wednesday,1430392.0,179285.0,219658.0,15283.0,414226.0,28.96
2019-05-16,2019,5,2,Spring,Thursday,1451440.0,96399.0,207660.0,73094.0,377153.0,25.98
2019-05-17,2019,5,2,Spring,Friday,1404035.0,170625.0,110467.0,67773.0,348865.0,24.85
2019-05-18,2019,5,2,Spring,Saturday,1148233.0,232755.0,109361.0,38856.0,380972.0,33.18
2019-05-19,2019,5,2,Spring,Sunday,1062136.0,207598.0,110695.0,28208.0,346501.0,32.62
2019-05-20,2019,5,2,Spring,Monday,1388963.0,101131.0,180766.0,24370.0,306267.0,22.05
2019-05-21,2019,5,2,Spring,Tuesday,1438244.0,84301.0,321923.0,68488.0,474712.0,33.01
2019-05-22,2019,5,2,Spring,Wednesday,1422855.0,101357.0,333457.0,55209.0,490023.0,34.44
2019-05-23,2019,5,2,Spring,Thursday,1401336.0,239989.0,72245.0,50378.0,362612.0,25.88
2019-05-24,2019,5,2,Spring,Friday,1376215.0,227101.0,153117.0,54969.0,435187.0,31.62
2019-05-25,2019,5,2,Spring,Saturday,1136885.0,173424.0,113795.0,40111.0,327330.0,28.79
2019-05-26,2019,5,2,Spring,Sunday,1066321.0,194033.0,300979.0,104954.0,599966.0,56.27
2019-05-27,2019,5,2,Spring,Monday,1375228.0,153065.0,207842.0,96591.0,457498.0,33.27
2019-05-28,2019,5,2,Spring,Tuesday,1392758.0,121567.0,120478.0,28549.0,270594.0,19.43
2019-05-29,2019,5,2,Spring,Wednesday,1359629.0,183074.0,92144.0,33362.0,308580.0,22.7
2019-05-30,2019,5,2,Spring,Thursday,1098232.0,190349.0,274907.0,113691.0,578947.0,52.72
2019-05-31,2019,5,2,Spring,Friday,1208274.0,167988.0,130322.0,48890.0,347200.0,28.74
2019-06-01,2019,6,2,Summer,Saturday,1125061.0,244565.0,90546.0,45971.0,381082.0,33.87
2019-06-02,2019,6,2,Summer,Sunday,1060697.0,255446.0,163038.0,47577.0,466061.0,43.94
2019-06-03,2019,6,2,Summer,Monday,1391106.0,211204.0,162481.0,35009.0,408694.0,29.38
2019-06-04,2019,6,2,Summer,Tuesday,1417668.0,235851.0,154134.0,44262.0,434247.0,30.63
2019-06-05,2019,6,2,Summer,Wednesday,1436944.0,235071.0,188154.0,59192.0,482417.0,33.57
2019-06-06,2019,6,2,Summer,Thursday,1413796.0,134830.0,267279.0,59997.0,462106.0,32.69
2019-06-07,2019,6,2,Summer,Friday,1350290.0,241215.0,242677.0,47295.0,531187.0,39.34
2019-06-08,2019,6,2,Summer,Saturday,1147699.0,188873.0,505038.0,100161.0,794072.0,69.19
2019-06-09,2019,6,2,Summer,Sunday,1003228.0,222510.0,142511.0,46038.0,411059.0,40.97
2019-06-10,2019,6,2,Summer,Monday,1042265.0,150683.0,139146.0,92159.0,381988.0,36.65
2019-06-11,2019,6,2,Summer,Tuesday,1355124.0,162768.0,90046.0,53334.0,306148.0,22.59
2019-06-12,2019,6,2,Summer,Wednesday,1415588.0,139643.0,164838.0,39831.0,344312.0,24.32
2019-06-13,2019,6,2,Summer,Thursday,1376290.0,229378.0,194004.0,64641.0,488023.0,35.46
2019-06-14,2019,6,2,Summer,Friday,1369666.0,214389.0,160938.0,39359.0,414686.0,30.28
2019-06-15,2019,6,2,Summer,Saturday,1163830.0,189810.0,284236.0,50910.0,524956.0,45.11
2019-06-16,2019,6,2,Summer,Sunday,1061404.0,152438.0,65181.0,39690.0,257309.0,24.24
2019-06-17,2019,6,2,Summer,Monday,1376219.0,240804.0,63561.0,29356.0,333721.0,24.25
2019-06-18,2019,6,2,Summer,Tuesday,1425259.0,238621.0,103592.0,12124.0,354337.0,24.86
2019-06-19,2019,6,2,Summer,Wednesday,1410499.0,226365.0,126796.0,24800.0,377961.0,26.8
2019-06-20,2019,6,2,Summer,Thursday,1185595.0,161656.0,126094.0,16713.0,304463.0,25.68
2019-06-21,2019,6,2,Summer,Friday,1258364.0,204376.0,78224.0,18513.0,301113.0,23.93
2019-06-22,2019,6,2,Summer,Saturday,1123620.0,190931.0,162374.0,9063.0,362368.0,32.25
2019-06-23,2019,6,2,Summer,Sunday,1047368.0,223726.0,203675.0,64263.0,491664.0,46.94
2019-06-24,2019,6,2,Summer,Monday,1400394.0,258795.0,232929.0,107072.0,598796.0,42.76
2019-06-25,2019,6,2,Summer,Tuesday,1452484.0,248351.0,147074.0,43764.0,439189.0,30.24
2019-06-26,2019,6,2,Summer,Wednesday,1470478.0,243542.0,215820.0,82718.0,542080.0,36.86
2019-06-27,2019,6,2,Summer,Thursday,1439206.0,239680.0,254270.0,76352.0,570302.0,39.63
2019-06-28,2019,6,2,Summer,Friday,1371199.0,250958.0,67398.0,12829.0,331185.0,24.15
2019-06-29,2019,6,2,Summer,Saturday,1164383.0,264538.0,63899.0,15642.0,344079.0,29.55
2019-06-30,2019,6,2,Summer,Sunday,1102344.0,253267.0,259892.0,85317.0,598476.0,54.29
2019-07-01,2019,7,3,Summer,Monday,1430959.0,196800.0,292442.0,104557.0,593799.0,41.5
2019-07-02,2019,7,3,Summer,Tuesday,1412412.0,217660.0,294735.0,91782.0,604177.0,42.78
2019-07-03,2019,7,3,Summer,Wednesday,1404258.0,228262.0,201545.0,81006.0,510813.0,36.38
2019-07-04,2019,7,3,Summer,Thursday,1411509.0,248447.0,197241.0,107271.0,552959.0,39.18
2019-07-05,2019,7,3,Summer,Friday,1384620.0,190638.0,218288.0,60631.0,469557.0,33.91
2019-07-06,2019,7,3,Summer,Saturday,1165857.0,184714.0,267201.0,99261.0,551176.0,47.28
2019-07-07,2019,7,3,Summer,Sunday,1060563.0,148754.0,278964.0,99123.0,526841.0,49.68
2019-07-08,2019,7,3,Summer,Monday,1365873.0,161948.0,204131.0,62173.0,428252.0,31.35
2019-07-09,2019,7,3,Summer,Tuesday,1385235.0,176794.0,177765.0,60826.0,415385.0,29.99
2019-07-10,2019,7,3,Summer,Wednesday,1373811.0,233621.0,90597.0,28031.0,352249.0,25.64
2019-07-11,2019,7,3,Summer,Thursday,1380383.0,122442.0,44863.0,8429.0,175734.0,12.73
2019-07-12,2019,7,3,Summer,Friday,1367995.0,142249.0,86213.0,10816.0,239278.0,17.49
2019-07-13,2019,7,3,Summer,Saturday,1144195.0,136184.0,160425.0,41161.0,337770.0,29.52
2019-07-14,2019,7,3,Summer,Sunday,1039080.0,131050.0,97318.0,44589.0,272957.0,26.27
2019-07-15,2019,7,3,Summer,Monday,1343060.0,147970.0,151565.0,59300.0,358835.0,26.72
2019-07-16,2019,7,3,Summer,Tuesday,1375523.0,184027.0,182434.0,48719.0,415180.0,30.18
2019-07-17,2019,7,3,Summer,Wednesday,1362958.0,207209.0,33062.0,2841.0,243112.0,17.84
2019-07-18,2019,7,3,Summer,Thursday,1379032.0,215277.0,54675.0,22203.0,292155.0,21.19
2019-07-19,2019,7,3,Summer,Friday,1347797.0,157724.0,68890.0,13911.0,240525.0,17.85
2019-07-20,2019,7,3,Summer,Saturday,1136874.0,204023.0,186922.0,67087.0,458032.0,40.29
2019-07-21,2019,7,3,Summer,Sunday,1044766.0,190784.0,202811.0,59614.0,453209.0,43.38
2019-07-22,2019,7,3,Summer,Monday,1342345.0,197761.0,88190.0,78484.0,364435.0,27.15
2019-07-23,2019,7,3,Summer,Tuesday,1374012.0,247128.0,61244.0,10966.0,319338.0,23.24
2019-07-24,2019,7,3,Summer,Wednesday,1395979.0,242294.0,101611.0,45612.0,389517.0,27.9
2019-07-25,2019,7,3,Summer,Thursday,1410417.0,233038.0,136210.0,32260.0,401508.0,28.47
2019-07-26,2019,7,3,Summer,Friday,1386569.0,226362.0,273850.0,92712.0,592924.0,42.76
2019-07-27,2019,7,3,Summer,Saturday,1141755.0,177701.0,308711.0,111133.0,597545.0,52.34
2019-07-28,2019,7,3,Summer,Sunday,1055716.0,136638.0,152655.0,63320.0,352613.0,33.4
2019-07-29,2019,7,3,Summer,Monday,1337166.0,137290.0,87921.0,8958.0,234169.0,17.51
2019-07-30,2019,7,3,Summer,Tuesday,1380315.0,174199.0,73721.0,13491.0,261411.0,18.94
2019-07-31,2019,7,3,Summer,Wednesday,1361273.0,135598.0,113719.0,33788.0,283105.0,20.8
2019-08-01,2019,8,3,Summer,Thursday,1330420.0,192599.0,41257.0,17695.0,251551.0,18.91
2019-08-02,2019,8,3,Summer,Friday,1305059.0,163311.0,47700.0,16061.0,227072.0,17.4
2019-08-03,2019,8,3,Summer,Saturday,1086431.0,159695.0,76185.0,18881.0,254761.0,23.45
2019-08-04,2019,8,3,Summer,Sunday,1001209.0,207061.0,44157.0,9925.0,261143.0,26.08
2019-08-05,2019,8,3,Summer,Monday,1278038.0,143358.0,91004.0,19073.0,253435.0,19.83
2019-08-06,2019,8,3,Summer,Tuesday,1315792.0,165692.0,123305.0,28684.0,317681.0,24.14
2019-08-07,2019,8,3,Summer,Wednesday,1324101.0,107222.0,153198.0,47830.0,308250.0,23.28
2019-08-08,2019,8,3,Summer,Thursday,1326621.0,197432.0,247484.0,72361.0,517277.0,38.99
2019-08-09,2019,8,3,Summer,Friday,1318758.0,170100.0,145394.0,57799.0,373293.0,28.31
2019-08-10,2019,8,3,Summer,Saturday,1132402.0,130177.0,484289.0,104323.0,718789.0,63.47
2019-08-11,2019,8,3,Summer,Sunday,1043489.0,204194.0,251741.0,115985.0,571920.0,54.81
2019-08-12,2019,8,3,Summer,Monday,1299034.0,132077.0,181633.0,76291.0,390001.0,30.02
2019-08-13,2019,8,3,Summer,Tuesday,1313675.0,161224.0,219750.0,36653.0,417627.0,31.79
2019-08-14,2019,8,3,Summer,Wednesday,1293651.0,200403.0,123883.0,51962.0,376248.0,29.08
2019-08-15,2019,8,3,Summer,Thursday,1302132.0,111537.0,311024.0,80656.0,503217.0,38.65
2019-08-16,2019,8,3,Summer,Friday,1261131.0,183568.0,155101.0,56147.0,394816.0,31.31
2019-08-17,2019,8,3,Summer,Saturday,1100024.0,98425.0,320113.0,71294.0,489832.0,44.53
2019-08-18,2019,8,3,Summer,Sunday,1024433.0,155085.0,214282.0,57199.0,426566.0,41.64
2019-08-19,2019,8,3,Summer,Monday,1317017.0,160028.0,208646.0,80383.0,449057.0,34.1
2019-08-20,2019,8,3,Summer,Tuesday,1325529.0,109482.0,99292.0,45878.0,254652.0,19.21
2019-08-21,2019,8,3,Summer,Wednesday,1310217.0,198693.0,53751.0,20206.0,272650.0,20.81
2019-08-22,2019,8,3,Summer,Thursday,1316373.0,215331.0,91823.0,55238.0,362392.0,27.53
2019-08-23,2019,8,3,Summer,Friday,1299613.0,210878.0,75926.0,20815.0,307619.0,23.67
2019-08-24,2019,8,3,Summer,Saturday,1104166.0,208462.0,130083.0,39379.0,377924.0,34.23
2019-08-25,2019,8,3,Summer,Sunday,1035891.0,197723.0,104688.0,19666.0,322077.0,31.09
2019-08-26,2019,8,3,Summer,Monday,1362847.0,193214.0,68682.0,7180.0,269076.0,19.74
2019-08-27,2019,8,3,Summer,Tuesday,1407073.0,189597.0,75656.0,22434.0,287687.0,20.45
2019-08-28,2019,8,3,Summer,Wednesday,1407170.0,170467.0,81294.0,12621.0,264382.0,18.79
2019-08-29,2019,8,3,Summer,Thursday,1388307.0,146978.0,76470.0,21117.0,244565.0,17.62
2019-08-30,2019,8,3,Summer,Friday,1349321.0,189669.0,27048.0,33072.0,249789.0,18.51
2019-08-31,2019,8,3,Summer,Saturday,1135975.0,204412.0,137134.0,25628.0,367174.0,32.32
2019-09-01,2019,9,3,Autumn,Sunday,1036758.0,135872.0,188744.0,60022.0,384638.0,37.1
2019-09-02,2019,9,3,Autumn,Monday,1302334.0,157704.0,136673.0,67934.0,362311.0,27.82
2019-09-03,2019,9,3,Autumn,Tuesday,1335214.0,165318.0,219549.0,103919.0,488786.0,36.61
2019-09-04,2019,9,3,Autumn,Wednesday,1344776.0,191194.0,228326.0,74845.0,494365.0,36.76
2019-09-05,2019,9,3,Autumn,Thursday,1365825.0,120829.0,367043.0,93132.0,581004.0,42.54
2019-09-06,2019,9,3,Autumn,Friday,1320778.0,153442.0,201018.0,89399.0,443859.0,33.61
2019-09-07,2019,9,3,Autumn,Saturday,1105609.0,90158.0,61950.0,33480.0,185588.0,16.79
2019-09-08,2019,9,3,Autumn,Sunday,1035915.0,89769.0,24556.0,10495.0,124820.0,12.05
2019-09-09,2019,9,3,Autumn,Monday,1328432.0,70515.0,114112.0,8600.0,193227.0,14.55
2019-09-10,2019,9,3,Autumn,Tuesday,1348495.0,169342.0,238120.0,50488.0,457950.0,33.96
2019-09-11,2019,9,3,Autumn,Wednesday,1368914.0,166760.0,285174.0,88671.0,540605.0,39.49
2019-09-12,2019,9,3,Autumn,Thursday,1387521.0,135145.0,205771.0,93398.0,434314.0,31.3
2019-09-13,2019,9,3,Autumn,Friday,1366616.0,129005.0,248256.0,78867.0,456128.0,33.38
2019-09-14,2019,9,3,Autumn,Saturday,1118715.0,182110.0,66138.0,53160.0,301408.0,26.94
2019-09-15,2019,9,3,Autumn,Sunday,1043853.0,176446.0,315877.0,104044.0,596367.0,57.13
2019-09-16,2019,9,3,Autumn,Monday,1341089.0,101733.0,133721.0,69652.0,305106.0,22.75
2019-09-17,2019,9,3,Autumn,Tuesday,1372015.0,121187.0,489993.0,101538.0,712718.0,51.95
2019-09-18,2019,9,3,Autumn,Wednesday,1353232.0,170197.0,326699.0,111789.0,608685.0,44.98
2019-09-19,2019,9,3,Autumn,Thursday,1359466.0,176147.0,149835.0,30151.0,356133.0,26.2
2019-09-20,2019,9,3,Autumn,Friday,1329676.0,170266.0,102219.0,19689.0,292174.0,21.97
2019-09-21,2019,9,3,Autumn,Saturday,1134311.0,191383.0,153817.0,24169.0,369369.0,32.56
2019-09-22,2019,9,3,Autumn,Sunday,1051599.0,157292.0,185355.0,52437.0,395084.0,37.57
2019-09-23,2019,9,3,Autumn,Monday,1378208.0,79774.0,129428.0,38123.0,247325.0,17.95
2019-09-24,2019,9,3,Autumn,Tuesday,1398024.0,98545.0,90980.0,51947.0,241472.0,17.27
2019-09-25,2019,9,3,Autumn,Wednesday,1399134.0,79693.0,136393.0,24646.0,240732.0,17.21
2019-09-26,2019,9,3,Autumn,Thursday,1407388.0,67845.0,211031.0,70347.0,349223.0,24.81
2019-09-27,2019,9,3,Autumn,Friday,1385146.0,72513.0,303786.0,85252.0,461551.0,33.32
2019-09-28,2019,9,3,Autumn,Saturday,1155848.0,103809.0,555902.0,113525.0,773236.0,66.9
2019-09-29,2019,9,3,Autumn,Sunday,1087604.0,95530.0,597134.0,87988.0,780652.0,71.78
2019-09-30,2019,9,3,Autumn,Monday,1391744.0,94664.0,656233.0,94720.0,845617.0,60.76
2019-10-01,2019,10,4,Autumn,Tuesday,1429257.0,79553.0,371035.0,40719.0,491307.0,34.37
2019-10-02,2019,10,4,Autumn,Wednesday,1390434.0,82288.0,348143.0,103061.0,533492.0,38.37
2019-10-03,2019,10,4,Autumn,Thursday,1105298.0,85103.0,208993.0,19388.0,313484.0,28.36
2019-10-04,2019,10,4,Autumn,Friday,1238358.0,47187.0,244999.0,56057.0,348243.0,28.12
2019-10-05,2019,10,4,Autumn,Saturday,1128666.0,62625.0,234442.0,66595.0,363662.0,32.22
2019-10-06,2019,10,4,Autumn,Sunday,1107789.0,66538.0,247120.0,97470.0,411128.0,37.11
2019-10-07,2019,10,4,Autumn,Monday,1385277.0,99917.0,122365.0,66841.0,289123.0,20.87
2019-10-08,2019,10,4,Autumn,Tuesday,1430228.0,39142.0,435722.0,114784.0,589648.0,41.23
2019-10-09,2019,10,4,Autumn,Wednesday,1426861.0,55422.0,448845.0,107764.0,612031.0,42.89
2019-10-10,2019,10,4,Autumn,Thursday,1433922.0,81450.0,544135.0,127987.0,753572.0,52.55
2019-10-11,2019,10,4,Autumn,Friday,1419386.0,84290.0,707584.0,128399.0,920273.0,64.84
2019-10-12,2019,10,4,Autumn,Saturday,1178370.0,117207.0,437064.0,115330.0,669601.0,56.82
2019-10-13,2019,10,4,Autumn,Sunday,1100643.0,116802.0,388646.0,77887.0,583335.0,53.0
2019-10-14,2019,10,4,Autumn,Monday,1385853.0,133346.0,238544.0,75567.0,447457.0,32.29
2019-10-15,2019,10,4,Autumn,Tuesday,1441266.0,101408.0,151596.0,62464.0,315468.0,21.89
2019-10-16,2019,10,4,Autumn,Wednesday,1459215.0,81081.0,373797.0,54829.0,509707.0,34.93
2019-10-17,2019,10,4,Autumn,Thursday,1443269.0,78599.0,258465.0,47703.0,384767.0,26.66
2019-10-18,2019,10,4,Autumn,Friday,1421161.0,78194.0,431463.0,108348.0,618005.0,43.49
2019-10-19,2019,10,4,Autumn,Saturday,1188187.0,45644.0,329000.0,122871.0,497515.0,41.87
2019-10-20,2019,10,4,Autumn,Sunday,1091358.0,71233.0,115122.0,25145.0,211500.0,19.38
2019-10-21,2019,10,4,Autumn,Monday,1410168.0,59208.0,138513.0,40791.0,238512.0,16.91
2019-10-22,2019,10,4,Autumn,Tuesday,1438180.0,72048.0,107735.0,56434.0,236217.0,16.42
2019-10-23,2019,10,4,Autumn,Wednesday,1456923.0,68112.0,146505.0,25826.0,240443.0,16.5
2019-10-24,2019,10,4,Autumn,Thursday,1450732.0,64379.0,219852.0,67558.0,351789.0,24.25
2019-10-25,2019,10,4,Autumn,Friday,1414550.0,83120.0,414260.0,123143.0,620523.0,43.87
2019-10-26,2019,10,4,Autumn,Saturday,1208071.0,101403.0,606624.0,110448.0,818475.0,67.75
2019-10-27,2019,10,4,Autumn,Sunday,1110757.0,61644.0,468208.0,113094.0,642946.0,57.88
2019-10-28,2019,10,4,Autumn,Monday,1429790.0,70352.0,203659.0,70057.0,344068.0,24.06
2019-10-29,2019,10,4,Autumn,Tuesday,1463420.0,59781.0,116184.0,18391.0,194356.0,13.28
2019-10-30,2019,10,4,Autumn,Wednesday,1461869.0,79758.0,119477.0,4557.0,203792.0,13.94
2019-10-31,2019,10,4,Autumn,Thursday,1366980.0,102159.0,155491.0,34851.0,292501.0,21.4
2019-11-01,2019,11,4,Autumn,Friday,1235513.0,38141.0,343309.0,84367.0,465817.0,37.7
2019-11-02,2019,11,4,Autumn,Saturday,1186344.0,41255.0,485111.0,113524.0,639890.0,53.94
2019-11-03,2019,11,4,Autumn,Sunday,1101062.0,35289.0,232186.0,59472.0,326947.0,29.69
2019-11-04,2019,11,4,Autumn,Monday,1413406.0,47399.0,225969.0,36879.0,310247.0,21.95
2019-11-05,2019,11,4,Autumn,Tuesday,1459300.0,36069.0,156834.0,55342.0,248245.0,17.01
2019-11-06,2019,11,4,Autumn,Wednesday,1485841.0,31666.0,93748.0,12990.0,138404.0,9.31
2019-11-07,2019,11,4,Autumn,Thursday,1500872.0,55463.0,230036.0,63370.0,348869.0,23.24
2019-11-08,2019,11,4,Autumn,Friday,1473366.0,33068.0,98557.0,44016.0,175641.0,11.92
2019-11-09,2019,11,4,Autumn,Saturday,1255393.0,31003.0,128978.0,35451.0,195432.0,15.57
2019-11-10,2019,11,4,Autumn,Sunday,1182595.0,63537.0,86314.0,47817.0,197668.0,16.71
2019-11-11,2019,11,4,Autumn,Monday,1498970.0,38960.0,318869.0,109856.0,467685.0,31.2
2019-11-12,2019,11,4,Autumn,Tuesday,1519137.0,36577.0,392597.0,128312.0,557486.0,36.7
2019-11-13,2019,11,4,Autumn,Wednesday,1505282.0,30328.0,260928.0,89214.0,380470.0,25.28
2019-11-14,2019,11,4,Autumn,Thursday,1497274.0,70693.0,295677.0,55267.0,421637.0,28.16
2019-11-15,2019,11,4,Autumn,Friday,1470992.0,25056.0,357375.0,115725.0,498156.0,33.87
2019-11-16,2019,11,4,Autumn,Saturday,1259812.0,32714.0,250261.0,78326.0,361301.0,28.68
2019-11-17,2019,11,4,Autumn,Sunday,1179389.0,20437.0,245141.0,56803.0,322381.0,27.33
2019-11-18,2019,11,4,Autumn,Monday,1480352.0,29484.0,285318.0,124080.0,438882.0,29.65
2019-11-19,2019,11,4,Autumn,Tuesday,1532909.0,36986.0,286766.0,95289.0,419041.0,27.34
2019-11-20,2019,11,4,Autumn,Wednesday,1518115.0,21864.0,28423.0,8349.0,58636.0,3.86
2019-11-21,2019,11,4,Autumn,Thursday,1526526.0,19369.0,83740.0,51215.0,154324.0,10.11
2019-11-22,2019,11,4,Autumn,Friday,1508070.0,29919.0,215130.0,67492.0,312541.0,20.72
2019-11-23,2019,11,4,Autumn,Saturday,1283109.0,47931.0,479672.0,143715.0,671318.0,52.32
2019-11-24,2019,11,4,Autumn,Sunday,1186557.0,38698.0,188514.0,102711.0,329923.0,27.81
2019-11-25,2019,11,4,Autumn,Monday,1488601.0,14042.0,45410.0,17138.0,76590.0,5.15
2019-11-26,2019,11,4,Autumn,Tuesday,1522492.0,22544.0,177261.0,58090.0,257895.0,16.94
2019-11-27,2019,11,4,Autumn,Wednesday,1549871.0,16648.0,462261.0,83220.0,562129.0,36.27
2019-11-28,2019,11,4,Autumn,Thursday,1535490.0,25014.0,750164.0,107549.0,882727.0,57.49
2019-11-29,2019,11,4,Autumn,Friday,1487873.0,30993.0,486141.0,132751.0,649885.0,43.68
2019-11-30,2019,11,4,Autumn,Saturday,1252181.0,47192.0,151257.0,43814.0,242263.0,19.35
2019-12-01,2019,12,4,Winter,Sunday,1217088.0,21523.0,102434.0,31861.0,155818.0,12.8
2019-12-02,2019,12,4,Winter,Monday,1460560.0,31111.0,247830.0,96288.0,375229.0,25.69
2019-12-03,2019,12,4,Winter,Tuesday,1544016.0,34257.0,183913.0,91917.0,310087.0,20.08
2019-12-04,2019,12,4,Winter,Wednesday,1549726.0,58743.0,184180.0,94799.0,337722.0,21.79
2019-12-05,2019,12,4,Winter,Thursday,1588074.0,46239.0,307221.0,128987.0,482447.0,30.38
2019-12-06,2019,12,4,Winter,Friday,1567884.0,31164.0,748908.0,111330.0,891402.0,56.85
2019-12-07,2019,12,4,Winter,Saturday,1310854.0,19174.0,700477.0,141143.0,860794.0,65.67
2019-12-08,2019,12,4,Winter,Sunday,1236848.0,24022.0,796866.0,122041.0,942929.0,76.24
2019-12-09,2019,12,4,Winter,Monday,1522202.0,29477.0,616060.0,133881.0,779418.0,51.2
2019-12-10,2019,12,4,Winter,Tuesday,1555066.0,44928.0,446251.0,103973.0,595152.0,38.27
2019-12-11,2019,12,4,Winter,Wednesday,1582834.0,21415.0,349202.0,87086.0,457703.0,28.92
2019-12-12,2019,12,4,Winter,Thursday,1576723.0,16560.0,301428.0,101856.0,419844.0,26.63
2019-12-13,2019,12,4,Winter,Friday,1526736.0,16947.0,472231.0,82766.0,571944.0,37.46
2019-12-14,2019,12,4,Winter,Saturday,1310953.0,22428.0,710415.0,132816.0,865659.0,66.03
2019-12-15,2019,12,4,Winter,Sunday,1214174.0,28173.0,712449.0,141197.0,881819.0,72.63
2019-12-16,2019,12,4,Winter,Monday,1471922.0,28047.0,330576.0,110791.0,469414.0,31.89
2019-12-17,2019,12,4,Winter,Tuesday,1477635.0,33313.0,484899.0,61980.0,580192.0,39.26
2019-12-18,2019,12,4,Winter,Wednesday,1458927.0,30354.0,304221.0,102823.0,437398.0,29.98
2019-12-19,2019,12,4,Winter,Thursday,1438735.0,42516.0,418616.0,139578.0,600710.0,41.75
2019-12-20,2019,12,4,Winter,Friday,1354263.0,27681.0,511405.0,142004.0,681090.0,50.29
2019-12-21,2019,12,4,Winter,Saturday,1206416.0,31493.0,313254.0,115953.0,460700.0,38.19
2019-12-22,2019,12,4,Winter,Sunday,1140679.0,15887.0,354184.0,65590.0,435661.0,38.19
2019-12-23,2019,12,4,Winter,Monday,1214864.0,16594.0,489597.0,122481.0,628672.0,51.75
2019-12-24,2019,12,4,Winter,Tuesday,1112488.0,18830.0,405610.0,49581.0,474021.0,42.61
2019-12-25,2019,12,4,Winter,Wednesday,1042244.0,13417.0,251421.0,42226.0,307064.0,29.46
2019-12-26,2019,12,4,Winter,Thursday,1042692.0,27332.0,114067.0,18672.0,160071.0,15.35
2019-12-27,2019,12,4,Winter,Friday,1172199.0,20958.0,106453.0,40135.0,167546.0,14.29
2019-12-28,2019,12,4,Winter,Saturday,1141331.0,36239.0,92505.0,66626.0,195370.0,17.12
2019-12-29,2019,12,4,Winter,Sunday,1087074.0,54910.0,227954.0,121886.0,404750.0,37.23
2019-12-30,2019,12,4,Winter,Monday,1200045.0,53215.0,535847.0,133426.0,722488.0,60.21
2019-12-31,2019,12,4,Winter,Tuesday,1124933.0,36562.0,343630.0,81593.0,461785.0,41.05
2020-01-01,2020,1,1,Winter,Wednesday,1055933.0,50890.0,147268.0,72658.0,270816.0,25.65
2020-01-02,2020,1,1,Winter,Thursday,1297859.0,39748.0,258603.0,146171.0,444522.0,34.25
2020-01-03,2020,1,1,Winter,Friday,1334843.0,18258.0,635031.0,140484.0,793773.0,59.47
2020-01-04,2020,1,1,Winter,Saturday,1261471.0,13149.0,674330.0,109957.0,797436.0,63.21
2020-01-05,2020,1,1,Winter,Sunday,1152082.0,24915.0,220934.0,96105.0,341954.0,29.68
2020-01-06,2020,1,1,Winter,Monday,1364624.0,38147.0,255920.0,140443.0,434510.0,31.84
2020-01-07,2020,1,1,Winter,Tuesday,1504338.0,15297.0,381171.0,114564.0,511032.0,33.97
2020-01-08,2020,1,1,Winter,Wednesday,1528721.0,9752.0,453260.0,97504.0,560516.0,36.67
2020-01-09,2020,1,1,Winter,Thursday,1514683.0,24299.0,447866.0,95761.0,567926.0,37.49
2020-01-10,2020,1,1,Winter,Friday,1486600.0,30642.0,524888.0,84119.0,639649.0,43.03
2020-01-11,2020,1,1,Winter,Saturday,1290289.0,36985.0,404544.0,124244.0,565773.0,43.85
2020-01-12,2020,1,1,Winter,Sunday,1235781.0,34331.0,657975.0,124335.0,816641.0,66.08
2020-01-13,2020,1,1,Winter,Monday,1512635.0,26594.0,354571.0,108039.0,489204.0,32.34
2020-01-14,2020,1,1,Winter,Tuesday,1570433.0,38277.0,789605.0,130510.0,958392.0,61.03
2020-01-15,2020,1,1,Winter,Wednesday,1538729.0,64195.0,724446.0,114599.0,903240.0,58.7
2020-01-16,2020,1,1,Winter,Thursday,1505814.0,65847.0,339849.0,121840.0,527536.0,35.03
2020-01-17,2020,1,1,Winter,Friday,1509807.0,55952.0,452030.0,123897.0,631879.0,41.85
2020-01-18,2020,1,1,Winter,Saturday,1297001.0,30097.0,388751.0,119307.0,538155.0,41.49
2020-01-19,2020,1,1,Winter,Sunday,1206346.0,30766.0,171375.0,105121.0,307262.0,25.47
2020-01-20,2020,1,1,Winter,Monday,1501315.0,45220.0,154360.0,74621.0,274201.0,18.26
2020-01-21,2020,1,1,Winter,Tuesday,1556498.0,64770.0,263220.0,102242.0,430232.0,27.64
2020-01-22,2020,1,1,Winter,Wednesday,1556670.0,25263.0,185328.0,48107.0,258698.0,16.62
2020-01-23,2020,1,1,Winter,Thursday,1548865.0,28911.0,67790.0,45463.0,142164.0,9.18
2020-01-24,2020,1,1,Winter,Friday,1527675.0,46760.0,126927.0,76783.0,250470.0,16.4
2020-01-25,2020,1,1,Winter,Saturday,1324448.0,28657.0,91656.0,78080.0,198393.0,14.98
2020-01-26,2020,1,1,Winter,Sunday,1214676.0,37585.0,151324.0,91317.0,280226.0,23.07
2020-01-27,2020,1,1,Winter,Monday,1527384.0,40022.0,452667.0,104579.0,597268.0,39.1
2020-01-28,2020,1,1,Winter,Tuesday,1572395.0,25045.0,715952.0,103674.0,844671.0,53.72
2020-01-29,2020,1,1,Winter,Wednesday,1579543.0,25078.0,723899.0,128806.0,877783.0,55.57
2020-01-30,2020,1,1,Winter,Thursday,1569973.0,46173.0,718737.0,128895.0,893805.0,56.93
2020-01-31,2020,1,1,Winter,Friday,1510409.0,35549.0,760300.0,131874.0,927723.0,61.42
2020-02-01,2020,2,1,Winter,Saturday,1270082.0,32689.0,775413.0,138686.0,946788.0,74.55
2020-02-02,2020,2,1,Winter,Sunday,1191199.0,17592.0,518890.0,45992.0,582474.0,48.9
2020-02-03,2020,2,1,Winter,Monday,1512371.0,21534.0,542534.0,114282.0,678350.0,44.85
2020-02-04,2020,2,1,Winter,Tuesday,1563049.0,48562.0,586035.0,112980.0,747577.0,47.83
2020-02-05,2020,2,1,Winter,Wednesday,1531352.0,86933.0,311551.0,56292.0,454776.0,29.7
2020-02-06,2020,2,1,Winter,Thursday,1535237.0,63027.0,242289.0,46697.0,352013.0,22.93
2020-02-07,2020,2,1,Winter,Friday,1510854.0,76514.0,182363.0,59157.0,318034.0,21.05
2020-02-08,2020,2,1,Winter,Saturday,1282868.0,87451.0,331930.0,109284.0,528665.0,41.21
2020-02-09,2020,2,1,Winter,Sunday,1187922.0,79888.0,754112.0,88281.0,922281.0,77.64
2020-02-10,2020,2,1,Winter,Monday,1507086.0,54886.0,848431.0,120707.0,1024024.0,67.95
2020-02-11,2020,2,1,Winter,Tuesday,1574417.0,52325.0,915568.0,118522.0,1086415.0,69.0
2020-02-12,2020,2,1,Winter,Wednesday,1577107.0,52811.0,821371.0,122310.0,996492.0,63.18
2020-02-13,2020,2,1,Winter,Thursday,1579426.0,42080.0,485602.0,88621.0,616303.0,39.02
2020-02-14,2020,2,1,Winter,Friday,1521232.0,34409.0,229451.0,54152.0,318012.0,20.9
2020-02-15,2020,2,1,Winter,Saturday,1274343.0,95772.0,552025.0,132855.0,780652.0,61.26
2020-02-16,2020,2,1,Winter,Sunday,1188370.0,43997.0,842567.0,93418.0,979982.0,82.46
2020-02-17,2020,2,1,Winter,Monday,1491190.0,45507.0,723714.0,131705.0,900926.0,60.42
2020-02-18,2020,2,1,Winter,Tuesday,1540979.0,69033.0,790801.0,133822.0,993656.0,64.48
2020-02-19,2020,2,1,Winter,Wednesday,1522856.0,57646.0,674202.0,124372.0,856220.0,56.22
2020-02-20,2020,2,1,Winter,Thursday,1514957.0,46842.0,619924.0,135108.0,801874.0,52.93
2020-02-21,2020,2,1,Winter,Friday,1495782.0,94619.0,716647.0,141467.0,952733.0,63.69
2020-02-22,2020,2,1,Winter,Saturday,1286472.0,78893.0,878303.0,108577.0,1065773.0,82.84
2020-02-23,2020,2,1,Winter,Sunday,1192035.0,20058.0,754761.0,120134.0,894953.0,75.08
2020-02-24,2020,2,1,Winter,Monday,1442292.0,43590.0,551448.0,108199.0,703237.0,48.76
2020-02-25,2020,2,1,Winter,Tuesday,1477463.0,62137.0,711286.0,115658.0,889081.0,60.18
2020-02-26,2020,2,1,Winter,Wednesday,1516096.0,57299.0,409841.0,43650.0,510790.0,33.69
2020-02-27,2020,2,1,Winter,Thursday,1545559.0,50276.0,254589.0,67115.0,371980.0,24.07
2020-02-28,2020,2,1,Winter,Friday,1494875.0,81112.0,518381.0,130231.0,729724.0,48.82
2020-02-29,2020,2,1,Winter,Saturday,1258431.0,73689.0,727725.0,133222.0,934636.0,74.27
2020-03-01,2020,3,1,Spring,Sunday,1160339.0,99172.0,617948.0,112257.0,829377.0,71.48
2020-03-02,2020,3,1,Spring,Monday,1472566.0,97522.0,238676.0,39898.0,376096.0,25.54
2020-03-03,2020,3,1,Spring,Tuesday,1487085.0,70086.0,255240.0,27622.0,352948.0,23.73
2020-03-04,2020,3,1,Spring,Wednesday,1484802.0,85189.0,192946.0,30905.0,309040.0,20.81
2020-03-05,2020,3,1,Spring,Thursday,1501788.0,77333.0,292220.0,51983.0,421536.0,28.07
2020-03-06,2020,3,1,Spring,Friday,1487083.0,36517.0,447635.0,97046.0,581198.0,39.08
2020-03-07,2020,3,1,Spring,Saturday,1258802.0,70396.0,339536.0,66203.0,476135.0,37.82
2020-03-08,2020,3,1,Spring,Sunday,1167537.0,104851.0,470099.0,129387.0,704337.0,60.33
2020-03-09,2020,3,1,Spring,Monday,1451563.0,78715.0,279082.0,64501.0,422298.0,29.09
2020-03-10,2020,3,1,Spring,Tuesday,1543943.0,30463.0,800296.0,139889.0,970648.0,62.87
2020-03-11,2020,3,1,Spring,Wednesday,1487188.0,80255.0,607664.0,138840.0,826759.0,55.59
2020-03-12,2020,3,1,Spring,Thursday,1497652.0,112345.0,801940.0,119273.0,1033558.0,69.01
2020-03-13,2020,3,1,Spring,Friday,1473421.0,118822.0,674269.0,100876.0,893967.0,60.67
2020-03-14,2020,3,1,Spring,Saturday,1235797.0,149403.0,191977.0,76387.0,417767.0,33.81
2020-03-15,2020,3,1,Spring,Sunday,1144188.0,175573.0,483502.0,125348.0,784423.0,68.56
2020-03-16,2020,3,1,Spring,Monday,1391213.0,176784.0,151306.0,49758.0,377848.0,27.16
2020-03-17,2020,3,1,Spring,Tuesday,1421462.0,116976.0,186121.0,124554.0,427651.0,30.09
2020-03-18,2020,3,1,Spring,Wednesday,1407180.0,163366.0,294674.0,77744.0,535784.0,38.08
2020-03-19,2020,3,1,Spring,Thursday,1377249.0,145197.0,55969.0,9093.0,210259.0,15.27
2020-03-20,2020,3,1,Spring,Friday,1357128.0,105592.0,195442.0,63331.0,364365.0,26.85
2020-03-21,2020,3,1,Spring,Saturday,1214636.0,90828.0,544567.0,134829.0,770224.0,63.41
2020-03-22,2020,3,1,Spring,Sunday,1133753.0,211172.0,464515.0,116567.0,792254.0,69.88
2020-03-23,2020,3,1,Spring,Monday,1347799.0,227668.0,364427.0,122885.0,714980.0,53.05
2020-03-24,2020,3,1,Spring,Tuesday,1360482.0,225093.0,330605.0,101878.0,657576.0,48.33
2020-03-25,2020,3,1,Spring,Wednesday,1352286.0,224392.0,377500.0,54514.0,656406.0,48.54
2020-03-26,2020,3,1,Spring,Thursday,1341967.0,188848.0,410788.0,41522.0,641158.0,47.78
2020-03-27,2020,3,1,Spring,Friday,1299313.0,207744.0,332571.0,65882.0,606197.0,46.66
2020-03-28,2020,3,1,Spring,Saturday,1141136.0,210558.0,282411.0,108805.0,601774.0,52.73
2020-03-29,2020,3,1,Spring,Sunday,1140310.0,79375.0,528363.0,114772.0,722510.0,63.36
2020-03-30,2020,3,1,Spring,Monday,1343675.0,164729.0,209377.0,86709.0,460815.0,34.3
2020-03-31,2020,3,1,Spring,Tuesday,1340802.0,179102.0,116151.0,30783.0,326036.0,24.32
2020-04-01,2020,4,2,Spring,Wednesday,1347710.0,212147.0,202776.0,96622.0,511545.0,37.96
2020-04-02,2020,4,2,Spring,Thursday,1349026.0,191795.0,357477.0,140756.0,690028.0,51.15
2020-04-03,2020,4,2,Spring,Friday,1319251.0,137598.0,307418.0,98495.0,543511.0,41.2
2020-04-04,2020,4,2,Spring,Saturday,1117842.0,211404.0,119705.0,58008.0,389117.0,34.81
2020-04-05,2020,4,2,Spring,Sunday,1059699.0,239149.0,403251.0,111486.0,753886.0,71.14
2020-04-06,2020,4,2,Spring,Monday,1251044.0,235172.0,276195.0,90302.0,601669.0,48.09
2020-04-07,2020,4,2,Spring,Tuesday,1264209.0,224427.0,151517.0,23805.0,399749.0,31.62
2020-04-08,2020,4,2,Spring,Wednesday,1240673.0,226347.0,118701.0,19654.0,364702.0,29.4
2020-04-09,2020,4,2,Spring,Thursday,1208420.0,211219.0,137042.0,31083.0,379344.0,31.39
2020-04-10,2020,4,2,Spring,Friday,1005635.0,224637.0,92686.0,5814.0,323137.0,32.13
2020-04-11,2020,4,2,Spring,Saturday,1017331.0,235133.0,67626.0,26771.0,329530.0,32.39
2020-04-12,2020,4,2,Spring,Sunday,944117.0,211054.0,129983.0,52833.0,393870.0,41.72
2020-04-13,2020,4,2,Spring,Monday,993448.0,164063.0,435521.0,116514.0,716098.0,72.08
2020-04-14,2020,4,2,Spring,Tuesday,1203944.0,186880.0,246998.0,88151.0,522029.0,43.36
2020-04-15,2020,4,2,Spring,Wednesday,1233638.0,231430.0,231089.0,87756.0,550275.0,44.61
2020-04-16,2020,4,2,Spring,Thursday,1241170.0,230060.0,130131.0,27473.0,387664.0,31.23
2020-04-17,2020,4,2,Spring,Friday,1225625.0,230368.0,81211.0,17150.0,328729.0,26.82
2020-04-18,2020,4,2,Spring,Saturday,1059896.0,194706.0,172351.0,64979.0,432036.0,40.76
2020-04-19,2020,4,2,Spring,Sunday,1008116.0,211858.0,352447.0,77940.0,642245.0,63.71
2020-04-20,2020,4,2,Spring,Monday,1252182.0,252988.0,555375.0,90233.0,898596.0,71.76
2020-04-21,2020,4,2,Spring,Tuesday,1293187.0,254123.0,620133.0,103936.0,978192.0,75.64
2020-04-22,2020,4,2,Spring,Wednesday,1280425.0,262249.0,434265.0,108751.0,805265.0,62.89
2020-04-23,2020,4,2,Spring,Thursday,1274340.0,256266.0,104215.0,16781.0,377262.0,29.6
2020-04-24,2020,4,2,Spring,Friday,1230859.0,219716.0,283120.0,81904.0,584740.0,47.51
2020-04-25,2020,4,2,Spring,Saturday,1080290.0,212147.0,144528.0,29333.0,386008.0,35.73
2020-04-26,2020,4,2,Spring,Sunday,1017683.0,235881.0,34767.0,9983.0,280631.0,27.58
2020-04-27,2020,4,2,Spring,Monday,1247331.0,223722.0,68791.0,23645.0,316158.0,25.35
2020-04-28,2020,4,2,Spring,Tuesday,1275575.0,148092.0,127508.0,10179.0,285779.0,22.4
2020-04-29,2020,4,2,Spring,Wednesday,1286821.0,116190.0,181152.0,29503.0,326845.0,25.4
2020-04-30,2020,4,2,Spring,Thursday,1249111.0,125449.0,358844.0,90478.0,574771.0,46.01
2020-05-01,2020,5,2,Spring,Friday,1001657.0,149671.0,336235.0,45303.0,531209.0,53.03
2020-05-02,2020,5,2,Spring,Saturday,1044406.0,144741.0,309449.0,29245.0,483435.0,46.29
2020-05-03,2020,5,2,Spring,Sunday,986299.0,177447.0,108052.0,16731.0,302230.0,30.64
2020-05-04,2020,5,2,Spring,Monday,1261222.0,140003.0,143845.0,47978.0,331826.0,26.31
2020-05-05,2020,5,2,Spring,Tuesday,1294675.0,200483.0,197087.0,34969.0,432539.0,33.41
2020-05-06,2020,5,2,Spring,Wednesday,1266814.0,263725.0,201331.0,40555.0,505611.0,39.91
2020-05-07,2020,5,2,Spring,Thursday,1256038.0,253925.0,92519.0,23971.0,370415.0,29.49
2020-05-08,2020,5,2,Spring,Friday,1203373.0,253178.0,49556.0,23004.0,325738.0,27.07
2020-05-09,2020,5,2,Spring,Saturday,1058848.0,203286.0,73010.0,1758.0,278054.0,26.26
2020-05-10,2020,5,2,Spring,Sunday,990281.0,163642.0,193923.0,83796.0,441361.0,44.57
2020-05-11,2020,5,2,Spring,Monday,1316508.0,82936.0,495884.0,121870.0,700690.0,53.22
2020-05-12,2020,5,2,Spring,Tuesday,1296022.0,213634.0,199978.0,74910.0,488522.0,37.69
2020-05-13,2020,5,2,Spring,Wednesday,1305010.0,148064.0,119353.0,61743.0,329160.0,25.22
2020-05-14,2020,5,2,Spring,Thursday,1284203.0,173379.0,174206.0,33264.0,380849.0,29.66
2020-05-15,2020,5,2,Spring,Friday,1259983.0,186341.0,211711.0,86154.0,484206.0,38.43
2020-05-16,2020,5,2,Spring,Saturday,1085381.0,241074.0,205565.0,74015.0,520654.0,47.97
2020-05-17,2020,5,2,Spring,Sunday,1008625.0,252965.0,218838.0,98431.0,570234.0,56.54
2020-05-18,2020,5,2,Spring,Monday,1256918.0,242700.0,195630.0,80263.0,518593.0,41.26
2020-05-19,2020,5,2,Spring,Tuesday,1277944.0,227033.0,141014.0,37772.0,405819.0,31.76
2020-05-20,2020,5,2,Spring,Wednesday,1236914.0,178788.0,45309.0,1015.0,225112.0,18.2
2020-05-21,2020,5,2,Spring,Thursday,1000325.0,266888.0,62778.0,16915.0,346581.0,34.65
2020-05-22,2020,5,2,Spring,Friday,1113829.0,155352.0,215615.0,101510.0,472477.0,42.42
2020-05-23,2020,5,2,Spring,Saturday,1067643.0,111947.0,330704.0,115919.0,558570.0,52.32
2020-05-24,2020,5,2,Spring,Sunday,1016287.0,179552.0,409879.0,96540.0,685971.0,67.5
2020-05-25,2020,5,2,Spring,Monday,1280442.0,154951.0,308790.0,59643.0,523384.0,40.88
2020-05-26,2020,5,2,Spring,Tuesday,1273656.0,227523.0,38745.0,1178.0,267446.0,21.0
2020-05-27,2020,5,2,Spring,Wednesday,1272144.0,255970.0,115185.0,37564.0,408719.0,32.13
2020-05-28,2020,5,2,Spring,Thursday,1278793.0,242293.0,226044.0,24096.0,492433.0,38.51
2020-05-29,2020,5,2,Spring,Friday,1224696.0,245473.0,132792.0,15515.0,393780.0,32.15
2020-05-30,2020,5,2,Spring,Saturday,1043232.0,222115.0,229383.0,21089.0,472587.0,45.3
2020-05-31,2020,5,2,Spring,Sunday,947675.0,237455.0,255606.0,62315.0,555376.0,58.6
2020-06-01,2020,6,2,Summer,Monday,965528.0,290429.0,193088.0,50031.0,533548.0,55.26
2020-06-02,2020,6,2,Summer,Tuesday,1252617.0,276706.0,85168.0,14238.0,376112.0,30.03
2020-06-03,2020,6,2,Summer,Wednesday,1287826.0,233551.0,95018.0,82474.0,411043.0,31.92
2020-06-04,2020,6,2,Summer,Thursday,1306630.0,102425.0,153837.0,90542.0,346804.0,26.54
2020-06-05,2020,6,2,Summer,Friday,1281334.0,142098.0,395366.0,66115.0,603579.0,47.11
2020-06-06,2020,6,2,Summer,Saturday,1093006.0,163693.0,371491.0,120988.0,656172.0,60.03
2020-06-07,2020,6,2,Summer,Sunday,1007468.0,132175.0,205018.0,36299.0,373492.0,37.07
2020-06-08,2020,6,2,Summer,Monday,1248860.0,181642.0,42141.0,15919.0,239702.0,19.19
2020-06-09,2020,6,2,Summer,Tuesday,1280845.0,129343.0,90278.0,1577.0,221198.0,17.27
2020-06-10,2020,6,2,Summer,Wednesday,1267393.0,115419.0,114286.0,24537.0,254242.0,20.06
2020-06-11,2020,6,2,Summer,Thursday,1090558.0,126933.0,117727.0,115217.0,359877.0,33.0
2020-06-12,2020,6,2,Summer,Friday,1150179.0,249785.0,185948.0,104439.0,540172.0,46.96
2020-06-13,2020,6,2,Summer,Saturday,1056285.0,222197.0,191441.0,96551.0,510189.0,48.3
2020-06-14,2020,6,2,Summer,Sunday,1006797.0,88180.0,199451.0,70899.0,358530.0,35.61
2020-06-15,2020,6,2,Summer,Monday,1248138.0,137576.0,98430.0,28004.0,264010.0,21.15
2020-06-16,2020,6,2,Summer,Tuesday,1282307.0,163683.0,21823.0,3955.0,189461.0,14.78
2020-06-17,2020,6,2,Summer,Wednesday,1288280.0,188835.0,77989.0,24817.0,291641.0,22.64
2020-06-18,2020,6,2,Summer,Thursday,1284894.0,171939.0,107257.0,25949.0,305145.0,23.75
2020-06-19,2020,6,2,Summer,Friday,1240226.0,153272.0,135203.0,9305.0,297780.0,24.01
2020-06-20,2020,6,2,Summer,Saturday,1048126.0,170332.0,228330.0,17090.0,415752.0,39.67
2020-06-21,2020,6,2,Summer,Sunday,976772.0,226352.0,87153.0,27477.0,340982.0,34.91
2020-06-22,2020,6,2,Summer,Monday,1260135.0,226095.0,135754.0,12414.0,374263.0,29.7
2020-06-23,2020,6,2,Summer,Tuesday,1284533.0,279510.0,77265.0,8575.0,365350.0,28.44
2020-06-24,2020,6,2,Summer,Wednesday,1293845.0,269499.0,128796.0,21293.0,419588.0,32.43
2020-06-25,2020,6,2,Summer,Thursday,1296281.0,232674.0,182739.0,58306.0,473719.0,36.54
2020-06-26,2020,6,2,Summer,Friday,1250294.0,250518.0,129470.0,41093.0,421081.0,33.68
2020-06-27,2020,6,2,Summer,Saturday,1081840.0,227563.0,153307.0,19934.0,400804.0,37.05
2020-06-28,2020,6,2,Summer,Sunday,1013845.0,165157.0,226137.0,75108.0,466402.0,46.0
2020-06-29,2020,6,2,Summer,Monday,1281978.0,191913.0,257551.0,92174.0,541638.0,42.25
2020-06-30,2020,6,2,Summer,Tuesday,1317839.0,209320.0,455007.0,79307.0,743634.0,56.43
2020-07-01,2020,7,3,Summer,Wednesday,1332120.0,204011.0,268396.0,42615.0,515022.0,38.66
2020-07-02,2020,7,3,Summer,Thursday,1313019.0,178918.0,152895.0,13812.0,345625.0,26.32
2020-07-03,2020,7,3,Summer,Friday,1264405.0,204648.0,202708.0,59961.0,467317.0,36.96
2020-07-04,2020,7,3,Summer,Saturday,1094208.0,209036.0,479528.0,128397.0,816961.0,74.66
2020-07-05,2020,7,3,Summer,Sunday,1041522.0,168853.0,532420.0,100440.0,801713.0,76.98
2020-07-06,2020,7,3,Summer,Monday,1323207.0,205721.0,541403.0,122176.0,869300.0,65.7
2020-07-07,2020,7,3,Summer,Tuesday,1312447.0,222841.0,200967.0,87855.0,511663.0,38.99
2020-07-08,2020,7,3,Summer,Wednesday,1322517.0,146685.0,95092.0,29290.0,271067.0,20.5
2020-07-09,2020,7,3,Summer,Thursday,1329468.0,167001.0,156938.0,12351.0,336290.0,25.3
2020-07-10,2020,7,3,Summer,Friday,1282229.0,170571.0,306385.0,60588.0,537544.0,41.92
2020-07-11,2020,7,3,Summer,Saturday,1060013.0,193818.0,128490.0,54592.0,376900.0,35.56
2020-07-12,2020,7,3,Summer,Sunday,980552.0,242624.0,92426.0,33158.0,368208.0,37.55
2020-07-13,2020,7,3,Summer,Monday,1256979.0,270671.0,42335.0,23090.0,336096.0,26.74
2020-07-14,2020,7,3,Summer,Tuesday,1303883.0,213881.0,84364.0,25706.0,323951.0,24.85
2020-07-15,2020,7,3,Summer,Wednesday,1332133.0,127032.0,47726.0,4300.0,179058.0,13.44
2020-07-16,2020,7,3,Summer,Thursday,1324999.0,107956.0,49293.0,4685.0,161934.0,12.22
2020-07-17,2020,7,3,Summer,Friday,1267450.0,180141.0,40791.0,5166.0,226098.0,17.84
2020-07-18,2020,7,3,Summer,Saturday,1068965.0,216212.0,16636.0,18254.0,251102.0,23.49
2020-07-19,2020,7,3,Summer,Sunday,996150.0,226897.0,56301.0,18115.0,301313.0,30.25
2020-07-20,2020,7,3,Summer,Monday,1267010.0,215316.0,128260.0,26447.0,370023.0,29.2
2020-07-21,2020,7,3,Summer,Tuesday,1278638.0,237878.0,121196.0,36905.0,395979.0,30.97
2020-07-22,2020,7,3,Summer,Wednesday,1300696.0,242067.0,66657.0,16159.0,324883.0,24.98
2020-07-23,2020,7,3,Summer,Thursday,1298959.0,238937.0,46209.0,53784.0,338930.0,26.09
2020-07-24,2020,7,3,Summer,Friday,1254317.0,183021.0,207710.0,39263.0,429994.0,34.28
2020-07-25,2020,7,3,Summer,Saturday,1073688.0,185564.0,107531.0,57520.0,350615.0,32.66
2020-07-26,2020,7,3,Summer,Sunday,1006616.0,165992.0,236147.0,79421.0,481560.0,47.84
2020-07-27,2020,7,3,Summer,Monday,1263247.0,200065.0,155959.0,79496.0,435520.0,34.48
2020-07-28,2020,7,3,Summer,Tuesday,1301256.0,198205.0,399346.0,130769.0,728320.0,55.97
2020-07-29,2020,7,3,Summer,Wednesday,1273267.0,238254.0,282454.0,126329.0,647037.0,50.82
2020-07-30,2020,7,3,Summer,Thursday,1260482.0,259558.0,93412.0,45373.0,398343.0,31.6
2020-07-31,2020,7,3,Summer,Friday,1253749.0,261944.0,79688.0,34235.0,375867.0,29.98
2020-08-01,2020,8,3,Summer,Saturday,1068060.0,213471.0,141314.0,66627.0,421412.0,39.46
2020-08-02,2020,8,3,Summer,Sunday,988237.0,117011.0,98602.0,31348.0,246961.0,24.99
2020-08-03,2020,8,3,Summer,Monday,1210696.0,138635.0,76701.0,7445.0,222781.0,18.4
2020-08-04,2020,8,3,Summer,Tuesday,1228287.0,154656.0,62636.0,28516.0,245808.0,20.01
2020-08-05,2020,8,3,Summer,Wednesday,1241919.0,251492.0,143218.0,88786.0,483496.0,38.93
2020-08-06,2020,8,3,Summer,Thursday,1257189.0,260255.0,94651.0,22774.0,377680.0,30.04
2020-08-07,2020,8,3,Summer,Friday,1249146.0,250792.0,62709.0,14600.0,328101.0,26.27
2020-08-08,2020,8,3,Summer,Saturday,1091658.0,241363.0,52908.0,6465.0,300736.0,27.55
2020-08-09,2020,8,3,Summer,Sunday,1028860.0,214062.0,98300.0,37502.0,349864.0,34.01
2020-08-10,2020,8,3,Summer,Monday,1310484.0,202978.0,142819.0,65290.0,411087.0,31.37
2020-08-11,2020,8,3,Summer,Tuesday,1359276.0,217299.0,223723.0,87299.0,528321.0,38.87
2020-08-12,2020,8,3,Summer,Wednesday,1343781.0,225155.0,198476.0,95844.0,519475.0,38.66
2020-08-13,2020,8,3,Summer,Thursday,1340579.0,148753.0,128223.0,74072.0,351048.0,26.19
2020-08-14,2020,8,3,Summer,Friday,1288313.0,142358.0,53067.0,25967.0,221392.0,17.18
2020-08-15,2020,8,3,Summer,Saturday,1078657.0,163129.0,36211.0,27902.0,227242.0,21.07
2020-08-16,2020,8,3,Summer,Sunday,1027802.0,219943.0,121131.0,25456.0,366530.0,35.66
2020-08-17,2020,8,3,Summer,Monday,1296489.0,150735.0,91665.0,9976.0,252376.0,19.47
2020-08-18,2020,8,3,Summer,Tuesday,1314206.0,167780.0,71534.0,9004.0,248318.0,18.89
2020-08-19,2020,8,3,Summer,Wednesday,1311181.0,215008.0,58420.0,25694.0,299122.0,22.81
2020-08-20,2020,8,3,Summer,Thursday,1333278.0,194690.0,149425.0,54029.0,398144.0,29.86
2020-08-21,2020,8,3,Summer,Friday,1321373.0,189329.0,238930.0,104927.0,533186.0,40.35
2020-08-22,2020,8,3,Summer,Saturday,1112371.0,122650.0,320298.0,122885.0,565833.0,50.87
2020-08-23,2020,8,3,Summer,Sunday,1025608.0,159761.0,370973.0,81551.0,612285.0,59.7
2020-08-24,2020,8,3,Summer,Monday,1285276.0,147618.0,200272.0,19325.0,367215.0,28.57
2020-08-25,2020,8,3,Summer,Tuesday,1318004.0,162804.0,256121.0,80506.0,499431.0,37.89
2020-08-26,2020,8,3,Summer,Wednesday,1384941.0,140183.0,824407.0,97955.0,1062545.0,76.72
2020-08-27,2020,8,3,Summer,Thursday,1327375.0,159374.0,268494.0,33856.0,461724.0,34.78
2020-08-28,2020,8,3,Summer,Friday,1277965.0,131684.0,237025.0,88604.0,457313.0,35.78
2020-08-29,2020,8,3,Summer,Saturday,1078359.0,123444.0,158672.0,39127.0,321243.0,29.79
2020-08-30,2020,8,3,Summer,Sunday,1005847.0,90344.0,101119.0,67156.0,258619.0,25.71
2020-08-31,2020,8,3,Summer,Monday,1293739.0,121783.0,82120.0,26490.0,230393.0,17.81
2020-09-01,2020,9,3,Autumn,Tuesday,1323980.0,131697.0,69994.0,17857.0,219548.0,16.58
2020-09-02,2020,9,3,Autumn,Wednesday,1317861.0,173261.0,42807.0,14437.0,230505.0,17.49
2020-09-03,2020,9,3,Autumn,Thursday,1336142.0,158747.0,266979.0,90232.0,515958.0,38.62
2020-09-04,2020,9,3,Autumn,Friday,1279545.0,156528.0,202324.0,77740.0,436592.0,34.12
2020-09-05,2020,9,3,Autumn,Saturday,1096686.0,123701.0,182760.0,108558.0,415019.0,37.84
2020-09-06,2020,9,3,Autumn,Sunday,1023828.0,149486.0,126911.0,42182.0,318579.0,31.12
2020-09-07,2020,9,3,Autumn,Monday,1278376.0,182574.0,98090.0,60256.0,340920.0,26.67
2020-09-08,2020,9,3,Autumn,Tuesday,1332924.0,176559.0,274653.0,85006.0,536218.0,40.23
2020-09-09,2020,9,3,Autumn,Wednesday,1334440.0,174693.0,248049.0,119107.0,541849.0,40.6
2020-09-10,2020,9,3,Autumn,Thursday,1315593.0,164201.0,87515.0,37083.0,288799.0,21.95
2020-09-11,2020,9,3,Autumn,Friday,1270560.0,184683.0,54364.0,77190.0,316237.0,24.89
2020-09-12,2020,9,3,Autumn,Saturday,1103971.0,187815.0,227359.0,102907.0,518081.0,46.93
2020-09-13,2020,9,3,Autumn,Sunday,1017418.0,197050.0,166270.0,107045.0,470365.0,46.23
2020-09-14,2020,9,3,Autumn,Monday,1291879.0,203550.0,72789.0,16593.0,292932.0,22.67
2020-09-15,2020,9,3,Autumn,Tuesday,1326832.0,197296.0,57251.0,4237.0,258784.0,19.5
2020-09-16,2020,9,3,Autumn,Wednesday,1346841.0,162081.0,171500.0,83506.0,417087.0,30.97
2020-09-17,2020,9,3,Autumn,Thursday,1342444.0,172411.0,253200.0,49395.0,475006.0,35.38
2020-09-18,2020,9,3,Autumn,Friday,1307888.0,205156.0,226143.0,30950.0,462249.0,35.34
2020-09-19,2020,9,3,Autumn,Saturday,1117234.0,193839.0,198229.0,50404.0,442472.0,39.6
2020-09-20,2020,9,3,Autumn,Sunday,1033345.0,198044.0,139926.0,22177.0,360147.0,34.85
2020-09-21,2020,9,3,Autumn,Monday,1312309.0,192068.0,43900.0,1412.0,237380.0,18.09
2020-09-22,2020,9,3,Autumn,Tuesday,1336953.0,177593.0,30860.0,5971.0,214424.0,16.04
2020-09-23,2020,9,3,Autumn,Wednesday,1357388.0,120595.0,173113.0,75864.0,369572.0,27.23
2020-09-24,2020,9,3,Autumn,Thursday,1376184.0,132670.0,390486.0,112879.0,636035.0,46.22
2020-09-25,2020,9,3,Autumn,Friday,1338809.0,65115.0,246967.0,65395.0,377477.0,28.19
2020-09-26,2020,9,3,Autumn,Saturday,1165289.0,36650.0,318904.0,73112.0,428666.0,36.79
2020-09-27,2020,9,3,Autumn,Sunday,1086273.0,96856.0,108265.0,78260.0,283381.0,26.09
2020-09-28,2020,9,3,Autumn,Monday,1358736.0,111763.0,56155.0,17853.0,185771.0,13.67
2020-09-29,2020,9,3,Autumn,Tuesday,1388260.0,88967.0,53928.0,19290.0,162185.0,11.68
2020-09-30,2020,9,3,Autumn,Wednesday,1386547.0,115781.0,58239.0,69794.0,243814.0,17.58
