date,year,month,daily_mwh,rolling_30d_avg_mwh
2018-01-01,2018,1,1063368.0,1063368.0
2018-01-02,2018,1,1362988.0,1213178.0
2018-01-03,2018,1,1477401.0,1301252.0
2018-01-04,2018,1,1467407.0,1342791.0
2018-01-05,2018,1,1436054.0,1361444.0
2018-01-06,2018,1,1225864.0,1338847.0
2018-01-07,2018,1,1183135.0,1316602.0
2018-01-08,2018,1,1523648.0,1342483.0
2018-01-09,2018,1,1550380.0,1365583.0
2018-01-10,2018,1,1498537.0,1378878.0
2018-01-11,2018,1,1506485.0,1390479.0
2018-01-12,2018,1,1490555.0,1398819.0
2018-01-13,2018,1,1303094.0,1391455.0
2018-01-14,2018,1,1216045.0,1378926.0
2018-01-15,2018,1,1565053.0,1391334.0
2018-01-16,2018,1,1592054.0,1403879.0
2018-01-17,2018,1,1603534.0,1415624.0
2018-01-18,2018,1,1596151.0,1425653.0
2018-01-19,2018,1,1517831.0,1430504.0
2018-01-20,2018,1,1311323.0,1424545.0
2018-01-21,2018,1,1207923.0,1414230.0
2018-01-22,2018,1,1513782.0,1418755.0
2018-01-23,2018,1,1542970.0,1424156.0
2018-01-24,2018,1,1557519.0,1429713.0
2018-01-25,2018,1,1524241.0,1433494.0
2018-01-26,2018,1,1477983.0,1435205.0
2018-01-27,2018,1,1281149.0,1429499.0
2018-01-28,2018,1,1203899.0,1421442.0
2018-01-29,2018,1,1525812.0,1425041.0
2018-01-30,2018,1,1536004.0,1428740.0
2018-01-31,2018,1,1572225.0,1445702.0
2018-02-01,2018,2,1561947.0,1452334.0
2018-02-02,2018,2,1521025.0,1453788.0
2018-02-03,2018,2,1288114.0,1447811.0
2018-02-04,2018,2,1211977.0,1440342.0
2018-02-05,2018,2,1514445.0,1449961.0
2018-02-06,2018,2,1539424.0,1461838.0
2018-02-07,2018,2,1560716.0,1463073.0
2018-02-08,2018,2,1556303.0,1463271.0
2018-02-09,2018,2,1551989.0,1465052.0
2018-02-10,2018,2,1326277.0,1459045.0
2018-02-11,2018,2,1239864.0,1450689.0
2018-02-12,2018,2,1502628.0,1457340.0
2018-02-13,2018,2,1516714.0,1467363.0
2018-02-14,2018,2,1546898.0,1466757.0
2018-02-15,2018,2,1590692.0,1466712.0
2018-02-16,2018,2,1517847.0,1463856.0
2018-02-17,2018,2,1316896.0,1454547.0
2018-02-18,2018,2,1212271.0,1444362.0
2018-02-19,2018,2,1501918.0,1450715.0
2018-02-20,2018,2,1528702.0,1461408.0
2018-02-21,2018,2,1523119.0,1461719.0
2018-02-22,2018,2,1533351.0,1461398.0
2018-02-23,2018,2,1527690.0,1460404.0
2018-02-24,2018,2,1334270.0,1454072.0
2018-02-25,2018,2,1247368.0,1446384.0
2018-02-26,2018,2,1580262.0,1456355.0
2018-02-27,2018,2,1619598.0,1470212.0
2018-02-28,2018,2,1634027.0,1473819.0
2018-03-01,2018,3,1618882.0,1476581.0
2018-03-02,2018,3,1604981.0,1477673.0
2018-03-03,2018,3,1368154.0,1471213.0
2018-03-04,2018,3,1232353.0,1461591.0
2018-03-05,2018,3,1474615.0,1467808.0
2018-03-06,2018,3,1492512.0,1477159.0
2018-03-07,2018,3,1515911.0,1477208.0
2018-03-08,2018,3,1531148.0,1476932.0
2018-03-09,2018,3,1512961.0,1475340.0
2018-03-10,2018,3,1266883.0,1465693.0
2018-03-11,2018,3,1147970.0,1452225.0
2018-03-12,2018,3,1460167.0,1456688.0
2018-03-13,2018,3,1518795.0,1465986.0
2018-03-14,2018,3,1493399.0,1465678.0
2018-03-15,2018,3,1534676.0,1466277.0
2018-03-16,2018,3,1528868.0,1465676.0
2018-03-17,2018,3,1387156.0,1458892.0
2018-03-18,2018,3,1305785.0,1451823.0
2018-03-19,2018,3,1545366.0,1459439.0
2018-03-20,2018,3,1584812.0,1471857.0
2018-03-21,2018,3,1565123.0,1473963.0
2018-03-22,2018,3,1572047.0,1475408.0
2018-03-23,2018,3,1517870.0,1475233.0
2018-03-24,2018,3,1267769.0,1466381.0
2018-03-25,2018,3,1153619.0,1453912.0
2018-03-26,2018,3,1467624.0,1458357.0
2018-03-27,2018,3,1468363.0,1465723.0
2018-03-28,2018,3,1511233.0,1463422.0
2018-03-29,2018,3,1464366.0,1458248.0
2018-03-30,2018,3,1159549.0,1442432.0
2018-03-31,2018,3,1161034.0,1427170.0
2018-04-01,2018,4,1075303.0,1409514.0
2018-04-02,2018,4,1079921.0,1399907.0
2018-04-03,2018,4,1413120.0,1405932.0
2018-04-04,2018,4,1443555.0,1404897.0
2018-04-05,2018,4,1490895.0,1404843.0
2018-04-06,2018,4,1429838.0,1401974.0
2018-04-07,2018,4,1212683.0,1391358.0
2018-04-08,2018,4,1091725.0,1377317.0
2018-04-09,2018,4,1381746.0,1381146.0
2018-04-10,2018,4,1440243.0,1390888.0
2018-04-11,2018,4,1462421.0,1390963.0
2018-04-12,2018,4,1450052.0,1388672.0
2018-04-13,2018,4,1434598.0,1386712.0
2018-04-14,2018,4,1189337.0,1375201.0
2018-04-15,2018,4,1066383.0,1359785.0
2018-04-16,2018,4,1371593.0,1359266.0
2018-04-17,2018,4,1385784.0,1361932.0
2018-04-18,2018,4,1385290.0,1356597.0
2018-04-19,2018,4,1393887.0,1350232.0
2018-04-20,2018,4,1379114.0,1344032.0
2018-04-21,2018,4,1164958.0,1330462.0
2018-04-22,2018,4,1064332.0,1315345.0
2018-04-23,2018,4,1384203.0,1319226.0
2018-04-24,2018,4,1409605.0,1327759.0
2018-04-25,2018,4,1437092.0,1326741.0
2018-04-26,2018,4,1436767.0,1325688.0
2018-04-27,2018,4,1385282.0,1321489.0
2018-04-28,2018,4,1177513.0,1311927.0
2018-04-29,2018,4,1067114.0,1308846.0
2018-04-30,2018,4,1281750.0,1312870.0
2018-05-01,2018,5,1110178.0,1314033.0
2018-05-02,2018,5,1396620.0,1324589.0
2018-05-03,2018,5,1422030.0,1324886.0
2018-05-04,2018,5,1399659.0,1323423.0
2018-05-05,2018,5,1178154.0,1312998.0
2018-05-06,2018,5,1084216.0,1301478.0
2018-05-07,2018,5,1401587.0,1307774.0
2018-05-08,2018,5,1430139.0,1319055.0
2018-05-09,2018,5,1413670.0,1320119.0
2018-05-10,2018,5,1134828.0,1309939.0
2018-05-11,2018,5,1260826.0,1303219.0
2018-05-12,2018,5,1154914.0,1293381.0
2018-05-13,2018,5,1083982.0,1281694.0
2018-05-14,2018,5,1412565.0,1289135.0
2018-05-15,2018,5,1425414.0,1301102.0
2018-05-16,2018,5,1431052.0,1303084.0
2018-05-17,2018,5,1441611.0,1304945.0
2018-05-18,2018,5,1404740.0,1305593.0
2018-05-19,2018,5,1164906.0,1297961.0
2018-05-20,2018,5,1021732.0,1286048.0
2018-05-21,2018,5,1063460.0,1282665.0
2018-05-22,2018,5,1390786.0,1293547.0
2018-05-23,2018,5,1433532.0,1295191.0
2018-05-24,2018,5,1437715.0,1296128.0
2018-05-25,2018,5,1403603.0,1295012.0
2018-05-26,2018,5,1190657.0,1286808.0
2018-05-27,2018,5,1091782.0,1277025.0
2018-05-28,2018,5,1421894.0,1285171.0
2018-05-29,2018,5,1454690.0,1298090.0
2018-05-30,2018,5,1419749.0,1302690.0
2018-05-31,2018,5,1227972.0,1306616.0
2018-06-01,2018,6,1313646.0,1303850.0
2018-06-02,2018,6,1158359.0,1295061.0
2018-06-03,2018,6,1072607.0,1284160.0
2018-06-04,2018,6,1396992.0,1291454.0
2018-06-05,2018,6,1436182.0,1303186.0
2018-06-06,2018,6,1446905.0,1304697.0
2018-06-07,2018,6,1453064.0,1305461.0
2018-06-08,2018,6,1426782.0,1305898.0
2018-06-09,2018,6,1210886.0,1308434.0
2018-06-10,2018,6,1112545.0,1303491.0
2018-06-11,2018,6,1433184.0,1312766.0
2018-06-12,2018,6,1434534.0,1324452.0
2018-06-13,2018,6,1426717.0,1324923.0
2018-06-14,2018,6,1429305.0,1325053.0
2018-06-15,2018,6,1405359.0,1324197.0
2018-06-16,2018,6,1177842.0,1315404.0
2018-06-17,2018,6,1086869.0,1304809.0
2018-06-18,2018,6,1422053.0,1313380.0
2018-06-19,2018,6,1457307.0,1327899.0
2018-06-20,2018,6,1462888.0,1341214.0
2018-06-21,2018,6,1462575.0,1343607.0
2018-06-22,2018,6,1407563.0,1342741.0
2018-06-23,2018,6,1170531.0,1333835.0
2018-06-24,2018,6,1074280.0,1322857.0
2018-06-25,2018,6,1401591.0,1329888.0
2018-06-26,2018,6,1422317.0,1340906.0
2018-06-27,2018,6,1422816.0,1340937.0
2018-06-28,2018,6,1439360.0,1340426.0
2018-06-29,2018,6,1405700.0,1339958.0
2018-06-30,2018,6,1179018.0,1338326.0
2018-07-01,2018,7,1084057.0,1330673.0
2018-07-02,2018,7,1400476.0,1338744.0
2018-07-03,2018,7,1440049.0,1350992.0
2018-07-04,2018,7,1449513.0,1352742.0
2018-07-05,2018,7,1453465.0,1353318.0
2018-07-06,2018,7,1418013.0,1352355.0
2018-07-07,2018,7,1170717.0,1342944.0
2018-07-08,2018,7,1068576.0,1331004.0
2018-07-09,2018,7,1382332.0,1336718.0
2018-07-10,2018,7,1386083.0,1345836.0
2018-07-11,2018,7,1376850.0,1343959.0
2018-07-12,2018,7,1374318.0,1341951.0
2018-07-13,2018,7,1360016.0,1339728.0
2018-07-14,2018,7,1131521.0,1329802.0
2018-07-15,2018,7,1040516.0,1317640.0
2018-07-16,2018,7,1339618.0,1323033.0
2018-07-17,2018,7,1372255.0,1332546.0
2018-07-18,2018,7,1376828.0,1331038.0
2018-07-19,2018,7,1366904.0,1328025.0
2018-07-20,2018,7,1339392.0,1323908.0
2018-07-21,2018,7,1130277.0,1312832.0
2018-07-22,2018,7,1056975.0,1301145.0
2018-07-23,2018,7,1365425.0,1307642.0
2018-07-24,2018,7,1398013.0,1318433.0
2018-07-25,2018,7,1417898.0,1318977.0
2018-07-26,2018,7,1419851.0,1318894.0
2018-07-27,2018,7,1398559.0,1318086.0
2018-07-28,2018,7,1186101.0,1309644.0
2018-07-29,2018,7,1072377.0,1298533.0
2018-07-30,2018,7,1371452.0,1304948.0
2018-07-31,2018,7,1405774.0,1315671.0
2018-08-01,2018,8,1396351.0,1315534.0
2018-08-02,2018,8,1403751.0,1314324.0
2018-08-03,2018,8,1382454.0,1312089.0
2018-08-04,2018,8,1194236.0,1303448.0
2018-08-05,2018,8,1080451.0,1292196.0
2018-08-06,2018,8,1366916.0,1298736.0
2018-08-07,2018,8,1403334.0,1309894.0
2018-08-08,2018,8,1423756.0,1311275.0
2018-08-09,2018,8,1406065.0,1311941.0
2018-08-10,2018,8,1357881.0,1311309.0
2018-08-11,2018,8,1132388.0,1303245.0
2018-08-12,2018,8,1030433.0,1292258.0
2018-08-13,2018,8,1338310.0,1299151.0
2018-08-14,2018,8,1352481.0,1309550.0
2018-08-15,2018,8,1313368.0,1308675.0
2018-08-16,2018,8,1358858.0,1308229.0
2018-08-17,2018,8,1342588.0,1307087.0
2018-08-18,2018,8,1171282.0,1300567.0
2018-08-19,2018,8,1078471.0,1291869.0
2018-08-20,2018,8,1369526.0,1299844.0
2018-08-21,2018,8,1380031.0,1310613.0
2018-08-22,2018,8,1408002.0,1312032.0
2018-08-23,2018,8,1426679.0,1312987.0
2018-08-24,2018,8,1386019.0,1311925.0
2018-08-25,2018,8,1154646.0,1303085.0
2018-08-26,2018,8,1056393.0,1291679.0
2018-08-27,2018,8,1401588.0,1298862.0
2018-08-28,2018,8,1388304.0,1309393.0
2018-08-29,2018,8,1404496.0,1310494.0
2018-08-30,2018,8,1408865.0,1310597.0
2018-08-31,2018,8,1347898.0,1308982.0
2018-09-01,2018,9,1145192.0,1300364.0
2018-09-02,2018,9,1074282.0,1290091.0
2018-09-03,2018,9,1382460.0,1296365.0
2018-09-04,2018,9,1402144.0,1307089.0
2018-09-05,2018,9,1397233.0,1308099.0
2018-09-06,2018,9,1411002.0,1308355.0
2018-09-07,2018,9,1384594.0,1307049.0
2018-09-08,2018,9,1174031.0,1299315.0
2018-09-09,2018,9,1072830.0,1289813.0
2018-09-10,2018,9,1385474.0,1298249.0
2018-09-11,2018,9,1434741.0,1311726.0
2018-09-12,2018,9,1422914.0,1314546.0
2018-09-13,2018,9,1406757.0,1316356.0
2018-09-14,2018,9,1376411.0,1318457.0
2018-09-15,2018,9,1163966.0,1311961.0
2018-09-16,2018,9,1069905.0,1302871.0
2018-09-17,2018,9,1375395.0,1309675.0
2018-09-18,2018,9,1455775.0,1322252.0
2018-09-19,2018,9,1450314.0,1324945.0
2018-09-20,2018,9,1447562.0,1327196.0
2018-09-21,2018,9,1458548.0,1328881.0
2018-09-22,2018,9,1207228.0,1321566.0
2018-09-23,2018,9,1114632.0,1312519.0
2018-09-24,2018,9,1423826.0,1321492.0
2018-09-25,2018,9,1407105.0,1333182.0
2018-09-26,2018,9,1451959.0,1334861.0
2018-09-27,2018,9,1426402.0,1336131.0
2018-09-28,2018,9,1422547.0,1336733.0
2018-09-29,2018,9,1194314.0,1329581.0
2018-09-30,2018,9,1102686.0,1321408.0
2018-10-01,2018,10,1416219.0,1330442.0
2018-10-02,2018,10,1453853.0,1343094.0
2018-10-03,2018,10,1198790.0,1336972.0
2018-10-04,2018,10,1388491.0,1336517.0
2018-10-05,2018,10,1378312.0,1335886.0
2018-10-06,2018,10,1183793.0,1328312.0
2018-10-07,2018,10,1100768.0,1318852.0
2018-10-08,2018,10,1405071.0,1326553.0
2018-10-09,2018,10,1423952.0,1338257.0
2018-10-10,2018,10,1418341.0,1339353.0
2018-10-11,2018,10,1447016.0,1339762.0
2018-10-12,2018,10,1403990.0,1339131.0
2018-10-13,2018,10,1183048.0,1331674.0
2018-10-14,2018,10,1101204.0,1322500.0
2018-10-15,2018,10,1381802.0,1329762.0
2018-10-16,2018,10,1405673.0,1340954.0
2018-10-17,2018,10,1407042.0,1342009.0
2018-10-18,2018,10,1429421.0,1341130.0
2018-10-19,2018,10,1390178.0,1339126.0
2018-10-20,2018,10,1211982.0,1331273.0
2018-10-21,2018,10,1141939.0,1320719.0
2018-10-22,2018,10,1464403.0,1329292.0
2018-10-23,2018,10,1533409.0,1343251.0
2018-10-24,2018,10,1506698.0,1346014.0
2018-10-25,2018,10,1492811.0,1348870.0
2018-10-26,2018,10,1449126.0,1348776.0
2018-10-27,2018,10,1245710.0,1342753.0
2018-10-28,2018,10,1166875.0,1334231.0
2018-10-29,2018,10,1496905.0,1344317.0
2018-10-30,2018,10,1508166.0,1357833.0
2018-10-31,2018,10,1401622.0,1357346.0
2018-11-01,2018,11,1277236.0,1351459.0
2018-11-02,2018,11,1358953.0,1356798.0
2018-11-03,2018,11,1220340.0,1351193.0
2018-11-04,2018,11,1130933.0,1342947.0
2018-11-05,2018,11,1437182.0,1351393.0
2018-11-06,2018,11,1468573.0,1363653.0
2018-11-07,2018,11,1487778.0,1366410.0
2018-11-08,2018,11,1476516.0,1368162.0
2018-11-09,2018,11,1463203.0,1369658.0
2018-11-10,2018,11,1275402.0,1363937.0
2018-11-11,2018,11,1162809.0,1355898.0
2018-11-12,2018,11,1453006.0,1364897.0
2018-11-13,2018,11,1504547.0,1378341.0
2018-11-14,2018,11,1505330.0,1382459.0
2018-11-15,2018,11,1515757.0,1386128.0
2018-11-16,2018,11,1512410.0,1389641.0
2018-11-17,2018,11,1338072.0,1386596.0
2018-11-18,2018,11,1199820.0,1380250.0
2018-11-19,2018,11,1547961.0,1391450.0
2018-11-20,2018,11,1588057.0,1406320.0
2018-11-21,2018,11,1572392.0,1409920.0
2018-11-22,2018,11,1570714.0,1411163.0
2018-11-23,2018,11,1521816.0,1411667.0
2018-11-24,2018,11,1314072.0,1405709.0
2018-11-25,2018,11,1225953.0,1398270.0
2018-11-26,2018,11,1525694.0,1407603.0
2018-11-27,2018,11,1556957.0,1420606.0
2018-11-28,2018,11,1622753.0,1424801.0
2018-11-29,2018,11,1615720.0,1428386.0
2018-11-30,2018,11,1569886.0,1433995.0
2018-12-01,2018,12,1342913.0,1436184.0
2018-12-02,2018,12,1245775.0,1432411.0
2018-12-03,2018,12,1541247.0,1443108.0
2018-12-04,2018,12,1564282.0,1457553.0
2018-12-05,2018,12,1578884.0,1462277.0
2018-12-06,2018,12,1581271.0,1466033.0
2018-12-07,2018,12,1560233.0,1468448.0
2018-12-08,2018,12,1374452.0,1465046.0
2018-12-09,2018,12,1269843.0,1458601.0
2018-12-10,2018,12,1598131.0,1469359.0
2018-12-11,2018,12,1596176.0,1483804.0
2018-12-12,2018,12,1575496.0,1487887.0
2018-12-13,2018,12,1593433.0,1490850.0
2018-12-14,2018,12,1575088.0,1493175.0
2018-12-15,2018,12,1384575.0,1488803.0
2018-12-16,2018,12,1302009.0,1481789.0
2018-12-17,2018,12,1530032.0,1488188.0
2018-12-18,2018,12,1556582.0,1500080.0
2018-12-19,2018,12,1569210.0,1500788.0
2018-12-20,2018,12,1511565.0,1498238.0
2018-12-21,2018,12,1434216.0,1493633.0
2018-12-22,2018,12,1238788.0,1482568.0
2018-12-23,2018,12,1140245.0,1469849.0
2018-12-24,2018,12,1130752.0,1463739.0
2018-12-25,2018,12,1097551.0,1459459.0
2018-12-26,2018,12,1127190.0,1446175.0
2018-12-27,2018,12,1266525.0,1436494.0
2018-12-28,2018,12,1263661.0,1424524.0
2018-12-29,2018,12,1227454.0,1411582.0
2018-12-30,2018,12,1131565.0,1396971.0
2018-12-31,2018,12,1148098.0,1390478.0
2019-01-01,2019,1,1096818.0,1385512.0
2019-01-02,2019,1,1387561.0,1380390.0
2019-01-03,2019,1,1450347.0,1376592.0
2019-01-04,2019,1,1465718.0,1372820.0
2019-01-05,2019,1,1302064.0,1363513.0
2019-01-06,2019,1,1188781.0,1351131.0
2019-01-07,2019,1,1505437.0,1355497.0
2019-01-08,2019,1,1592422.0,1366250.0
2019-01-09,2019,1,1605541.0,1366497.0
2019-01-10,2019,1,1553378.0,1365070.0
2019-01-11,2019,1,1586661.0,1365442.0
2019-01-12,2019,1,1354625.0,1357482.0
2019-01-13,2019,1,1280466.0,1347661.0
2019-01-14,2019,1,1580879.0,1354205.0
2019-01-15,2019,1,1597212.0,1364045.0
2019-01-16,2019,1,1587297.0,1365954.0
2019-01-17,2019,1,1598738.0,1367359.0
2019-01-18,2019,1,1539861.0,1366381.0
2019-01-19,2019,1,1331773.0,1360387.0
2019-01-20,2019,1,1251387.0,1354293.0
2019-01-21,2019,1,1565741.0,1365192.0
2019-01-22,2019,1,1629258.0,1381492.0
2019-01-23,2019,1,1636406.0,1398347.0
2019-01-24,2019,1,1614503.0,1415579.0
2019-01-25,2019,1,1596455.0,1431221.0
2019-01-26,2019,1,1387756.0,1435262.0
2019-01-27,2019,1,1252499.0,1434890.0
2019-01-28,2019,1,1564525.0,1446126.0
2019-01-29,2019,1,1573591.0,1460860.0
2019-01-30,2019,1,1581907.0,1475320.0
2019-01-31,2019,1,1568665.0,1491048.0
2019-02-01,2019,2,1567726.0,1497054.0
2019-02-02,2019,2,1324352.0,1492854.0
2019-02-03,2019,2,1250147.0,1485668.0
2019-02-04,2019,2,1554441.0,1494081.0
2019-02-05,2019,2,1590847.0,1507483.0
2019-02-06,2019,2,1573666.0,1509758.0
2019-02-07,2019,2,1600480.0,1510026.0
2019-02-08,2019,2,1560224.0,1508516.0
2019-02-09,2019,2,1356901.0,1501966.0
2019-02-10,2019,2,1239843.0,1490406.0
2019-02-11,2019,2,1576908.0,1497815.0
2019-02-12,2019,2,1567663.0,1507388.0
2019-02-13,2019,2,1572777.0,1507118.0
2019-02-14,2019,2,1535395.0,1505058.0
2019-02-15,2019,2,1508118.0,1502418.0
2019-02-16,2019,2,1280431.0,1491808.0
2019-02-17,2019,2,1172941.0,1479578.0
2019-02-18,2019,2,1479719.0,1484509.0
2019-02-19,2019,2,1542973.0,1494229.0
2019-02-20,2019,2,1518220.0,1492645.0
2019-02-21,2019,2,1511198.0,1488709.0
2019-02-22,2019,2,1491577.0,1483882.0
2019-02-23,2019,2,1278690.0,1472688.0
2019-02-24,2019,2,1168166.0,1458412.0
2019-02-25,2019,2,1450753.0,1460511.0
2019-02-26,2019,2,1480463.0,1468110.0
2019-02-27,2019,2,1489008.0,1465593.0
2019-02-28,2019,2,1480399.0,1462487.0
2019-03-01,2019,3,1474216.0,1458897.0
2019-03-02,2019,3,1267024.0,1448842.0
2019-03-03,2019,3,1183083.0,1436021.0
2019-03-04,2019,3,1471039.0,1440910.0
2019-03-05,2019,3,1499879.0,1449235.0
2019-03-06,2019,3,1493381.0,1447199.0
2019-03-07,2019,3,1510107.0,1444508.0
2019-03-08,2019,3,1480475.0,1441402.0
2019-03-09,2019,3,1284165.0,1430858.0
2019-03-10,2019,3,1171434.0,1417898.0
2019-03-11,2019,3,1497809.0,1422595.0
2019-03-12,2019,3,1504038.0,1431402.0
2019-03-13,2019,3,1547063.0,1430407.0
2019-03-14,2019,3,1551258.0,1429860.0
2019-03-15,2019,3,1521453.0,1428149.0
2019-03-16,2019,3,1273487.0,1419419.0
2019-03-17,2019,3,1198149.0,1409087.0
2019-03-18,2019,3,1494305.0,1416216.0
2019-03-19,2019,3,1497908.0,1427048.0
2019-03-20,2019,3,1481712.0,1427114.0
2019-03-21,2019,3,1460821.0,1424376.0
2019-03-22,2019,3,1421133.0,1421140.0
2019-03-23,2019,3,1212556.0,1411185.0
2019-03-24,2019,3,1116658.0,1398688.0
2019-03-25,2019,3,1454777.0,1404557.0
2019-03-26,2019,3,1477696.0,1414875.0
2019-03-27,2019,3,1464563.0,1415335.0
2019-03-28,2019,3,1443308.0,1414097.0
2019-03-29,2019,3,1396554.0,1411015.0
2019-03-30,2019,3,1184709.0,1401159.0
2019-03-31,2019,3,1116007.0,1389218.0
2019-04-01,2019,4,1403002.0,1393751.0
2019-04-02,2019,4,1458393.0,1402928.0
2019-04-03,2019,4,1445235.0,1402068.0
2019-04-04,2019,4,1457117.0,1400642.0
2019-04-05,2019,4,1435695.0,1398720.0
2019-04-06,2019,4,1187166.0,1387955.0
2019-04-07,2019,4,1094280.0,1375082.0
2019-04-08,2019,4,1399265.0,1378918.0
2019-04-09,2019,4,1446354.0,1388082.0
2019-04-10,2019,4,1448945.0,1386454.0
2019-04-11,2019,4,1440596.0,1384339.0
2019-04-12,2019,4,1428133.0,1380375.0
2019-04-13,2019,4,1231670.0,1369722.0
2019-04-14,2019,4,1141720.0,1357064.0
2019-04-15,2019,4,1398070.0,1361217.0
2019-04-16,2019,4,1441097.0,1369315.0
2019-04-17,2019,4,1424497.0,1366988.0
2019-04-18,2019,4,1367387.0,1362637.0
2019-04-19,2019,4,1059125.0,1348551.0
2019-04-20,2019,4,1044815.0,1334684.0
2019-04-21,2019,4,943261.0,1318755.0
2019-04-22,2019,4,1013166.0,1312109.0
2019-04-23,2019,4,1365201.0,1320393.0
2019-04-24,2019,4,1388289.0,1318177.0
2019-04-25,2019,4,1394648.0,1315409.0
2019-04-26,2019,4,1380617.0,1312611.0
2019-04-27,2019,4,1161582.0,1303220.0
2019-04-28,2019,4,1089071.0,1292970.0
2019-04-29,2019,4,1403843.0,1300275.0
2019-04-30,2019,4,1368016.0,1308675.0
2019-05-01,2019,5,1073955.0,1297707.0
2019-05-02,2019,5,1381411.0,1295141.0
2019-05-03,2019,5,1387251.0,1293208.0
2019-05-04,2019,5,1195601.0,1284491.0
2019-05-05,2019,5,1114616.0,1273788.0
2019-05-06,2019,5,1433576.0,1282002.0
2019-05-07,2019,5,1429747.0,1293184.0
2019-05-08,2019,5,1445616.0,1294729.0
2019-05-09,2019,5,1428327.0,1294128.0
2019-05-10,2019,5,1400467.0,1292512.0
2019-05-11,2019,5,1183398.0,1283939.0
2019-05-12,2019,5,1090830.0,1272696.0
2019-05-13,2019,5,1377554.0,1277558.0
2019-05-14,2019,5,1414190.0,1286641.0
2019-05-15,2019,5,1430392.0,1287718.0
2019-05-16,2019,5,1451440.0,1288063.0
2019-05-17,2019,5,1404035.0,1287381.0
2019-05-18,2019,5,1148233.0,1280076.0
2019-05-19,2019,5,1062136.0,1280176.0
2019-05-20,2019,5,1388963.0,1291648.0
2019-05-21,2019,5,1438244.0,1308147.0
2019-05-22,2019,5,1422855.0,1321803.0
2019-05-23,2019,5,1401336.0,1323008.0
2019-05-24,2019,5,1376215.0,1322606.0
2019-05-25,2019,5,1136885.0,1314013.0
2019-05-26,2019,5,1066321.0,1303537.0
2019-05-27,2019,5,1375228.0,1310658.0
2019-05-28,2019,5,1392758.0,1320781.0
2019-05-29,2019,5,1359629.0,1319308.0
2019-05-30,2019,5,1098232.0,1310315.0
2019-05-31,2019,5,1208274.0,1314792.0
2019-06-01,2019,6,1125061.0,1306247.0
2019-06-02,2019,6,1060697.0,1295362.0
2019-06-03,2019,6,1391106.0,1301879.0
2019-06-04,2019,6,1417668.0,1311980.0
2019-06-05,2019,6,1436944.0,1312093.0
2019-06-06,2019,6,1413796.0,1311561.0
2019-06-07,2019,6,1350290.0,1308383.0
2019-06-08,2019,6,1147699.0,1299029.0
2019-06-09,2019,6,1003228.0,1285788.0
2019-06-10,2019,6,1042265.0,1281083.0
2019-06-11,2019,6,1355124.0,1289893.0
2019-06-12,2019,6,1415588.0,1291161.0
2019-06-13,2019,6,1376290.0,1289898.0
2019-06-14,2019,6,1369666.0,1287874.0
2019-06-15,2019,6,1163830.0,1278287.0
2019-06-16,2019,6,1061404.0,1266866.0
2019-06-17,2019,6,1376219.0,1274465.0
2019-06-18,2019,6,1425259.0,1286569.0
2019-06-19,2019,6,1410499.0,1287287.0
2019-06-20,2019,6,1185595.0,1278865.0
2019-06-21,2019,6,1258364.0,1273382.0
2019-06-22,2019,6,1123620.0,1264125.0
2019-06-23,2019,6,1047368.0,1253164.0
2019-06-24,2019,6,1400394.0,1261947.0
2019-06-25,2019,6,1452484.0,1274819.0
2019-06-26,2019,6,1470478.0,1277994.0
2019-06-27,2019,6,1439206.0,1279543.0
2019-06-28,2019,6,1371199.0,1279928.0
2019-06-29,2019,6,1164383.0,1282133.0
2019-06-30,2019,6,1102344.0,1278602.0
2019-07-01,2019,7,1430959.0,1288799.0
2019-07-02,2019,7,1412412.0,1300523.0
2019-07-03,2019,7,1404258.0,1300961.0
2019-07-04,2019,7,1411509.0,1300756.0
2019-07-05,2019,7,1384620.0,1299012.0
2019-07-06,2019,7,1165857.0,1290747.0
2019-07-07,2019,7,1060563.0,1281089.0
2019-07-08,2019,7,1365873.0,1288362.0
2019-07-09,2019,7,1385235.0,1301096.0
2019-07-10,2019,7,1373811.0,1312147.0
2019-07-11,2019,7,1380383.0,1312989.0
2019-07-12,2019,7,1367995.0,1311403.0
2019-07-13,2019,7,1144195.0,1303666.0
2019-07-14,2019,7,1039080.0,1292647.0
2019-07-15,2019,7,1343060.0,1298621.0
2019-07-16,2019,7,1375523.0,1309092.0
2019-07-17,2019,7,1362958.0,1308649.0
2019-07-18,2019,7,1379032.0,1307109.0
2019-07-19,2019,7,1347797.0,1305019.0
2019-07-20,2019,7,1136874.0,1303394.0
2019-07-21,2019,7,1044766.0,1296275.0
2019-07-22,2019,7,1342345.0,1303565.0
2019-07-23,2019,7,1374012.0,1314454.0
2019-07-24,2019,7,1395979.0,1314306.0
2019-07-25,2019,7,1410417.0,1312904.0
2019-07-26,2019,7,1386569.0,1310107.0
2019-07-27,2019,7,1141755.0,1300192.0
2019-07-28,2019,7,1055716.0,1289676.0
2019-07-29,2019,7,1337166.0,1295435.0
2019-07-30,2019,7,1380315.0,1304701.0
2019-07-31,2019,7,1361273.0,1302378.0
2019-08-01,2019,8,1330420.0,1299645.0
2019-08-02,2019,8,1305059.0,1296339.0
2019-08-03,2019,8,1086431.0,1285503.0
2019-08-04,2019,8,1001209.0,1272722.0
2019-08-05,2019,8,1278038.0,1276462.0
2019-08-06,2019,8,1315792.0,1284969.0
2019-08-07,2019,8,1324101.0,1283577.0
2019-08-08,2019,8,1326621.0,1281623.0
2019-08-09,2019,8,1318758.0,1279788.0
2019-08-10,2019,8,1132402.0,1271522.0
2019-08-11,2019,8,1043489.0,1260705.0
2019-08-12,2019,8,1299034.0,1265866.0
2019-08-13,2019,8,1313675.0,1275020.0
2019-08-14,2019,8,1293651.0,1273373.0
2019-08-15,2019,8,1302132.0,1270926.0
2019-08-16,2019,8,1261131.0,1267532.0
2019-08-17,2019,8,1100024.0,1258232.0
2019-08-18,2019,8,1024433.0,1247453.0
2019-08-19,2019,8,1317017.0,1253458.0
2019-08-20,2019,8,1325529.0,1262816.0
2019-08-21,2019,8,1310217.0,1261746.0
2019-08-22,2019,8,1316373.0,1259824.0
2019-08-23,2019,8,1299613.0,1256612.0
2019-08-24,2019,8,1104166.0,1246404.0
2019-08-25,2019,8,1035891.0,1234714.0
2019-08-26,2019,8,1362847.0,1242084.0
2019-08-27,2019,8,1407073.0,1253796.0
2019-08-28,2019,8,1407170.0,1256129.0
2019-08-29,2019,8,1388307.0,1256396.0
2019-08-30,2019,8,1349321.0,1255997.0
2019-08-31,2019,8,1135975.0,1249516.0
2019-09-01,2019,9,1036758.0,1240573.0
2019-09-02,2019,9,1302334.0,1247769.0
2019-09-03,2019,9,1335214.0,1258903.0
2019-09-04,2019,9,1344776.0,1261127.0
2019-09-05,2019,9,1365825.0,1262795.0
2019-09-06,2019,9,1320778.0,1262684.0
2019-09-07,2019,9,1105609.0,1255317.0
2019-09-08,2019,9,1035915.0,1245889.0
2019-09-09,2019,9,1328432.0,1252424.0
2019-09-10,2019,9,1348495.0,1262591.0
2019-09-11,2019,9,1368914.0,1264920.0
2019-09-12,2019,9,1387521.0,1267381.0
2019-09-13,2019,9,1366616.0,1269814.0
2019-09-14,2019,9,1118715.0,1263700.0
2019-09-15,2019,9,1043853.0,1256457.0
2019-09-16,2019,9,1341089.0,1264493.0
2019-09-17,2019,9,1372015.0,1276079.0
2019-09-18,2019,9,1353232.0,1277286.0
2019-09-19,2019,9,1359466.0,1278417.0
2019-09-20,2019,9,1329676.0,1279066.0
2019-09-21,2019,9,1134311.0,1272997.0
2019-09-22,2019,9,1051599.0,1264730.0
2019-09-23,2019,9,1378208.0,1273865.0
2019-09-24,2019,9,1398024.0,1285936.0
2019-09-25,2019,9,1399134.0,1287145.0
2019-09-26,2019,9,1407388.0,1287156.0
2019-09-27,2019,9,1385146.0,1286422.0
2019-09-28,2019,9,1155848.0,1278673.0
2019-09-29,2019,9,1087604.0,1269949.0
2019-09-30,2019,9,1391744.0,1278475.0
2019-10-01,2019,10,1429257.0,1291558.0
2019-10-02,2019,10,1390434.0,1294495.0
2019-10-03,2019,10,1105298.0,1286831.0
2019-10-04,2019,10,1238358.0,1283283.0
2019-10-05,2019,10,1128666.0,1275378.0
2019-10-06,2019,10,1107789.0,1268279.0
2019-10-07,2019,10,1385277.0,1277601.0
2019-10-08,2019,10,1430228.0,1290745.0
2019-10-09,2019,10,1426861.0,1294026.0
2019-10-10,2019,10,1433922.0,1296873.0
2019-10-11,2019,10,1419386.0,1298556.0
2019-10-12,2019,10,1178370.0,1291584.0
2019-10-13,2019,10,1100643.0,1282718.0
2019-10-14,2019,10,1385853.0,1291623.0
2019-10-15,2019,10,1441266.0,1304870.0
2019-10-16,2019,10,1459215.0,1308807.0
2019-10-17,2019,10,1443269.0,1311182.0
2019-10-18,2019,10,1421161.0,1313447.0
2019-10-19,2019,10,1188187.0,1307737.0
2019-10-20,2019,10,1091358.0,1299793.0
2019-10-21,2019,10,1410168.0,1308989.0
2019-10-22,2019,10,1438180.0,1321875.0
2019-10-23,2019,10,1456923.0,1324499.0
2019-10-24,2019,10,1450732.0,1326256.0
2019-10-25,2019,10,1414550.0,1326769.0
2019-10-26,2019,10,1208071.0,1320125.0
2019-10-27,2019,10,1110757.0,1310979.0
2019-10-28,2019,10,1429790.0,1320111.0
2019-10-29,2019,10,1463420.0,1332638.0
2019-10-30,2019,10,1461869.0,1334975.0
2019-10-31,2019,10,1366980.0,1332899.0
2019-11-01,2019,11,1235513.0,1327735.0
2019-11-02,2019,11,1186344.0,1330437.0
2019-11-03,2019,11,1101062.0,1325860.0
2019-11-04,2019,11,1413406.0,1335352.0
2019-11-05,2019,11,1459300.0,1347069.0
2019-11-06,2019,11,1485841.0,1350421.0
2019-11-07,2019,11,1500872.0,1352776.0
2019-11-08,2019,11,1473366.0,1354326.0
2019-11-09,2019,11,1255393.0,1348375.0
2019-11-10,2019,11,1182595.0,1340482.0
2019-11-11,2019,11,1498970.0,1351168.0
2019-11-12,2019,11,1519137.0,1365118.0
2019-11-13,2019,11,1505282.0,1369099.0
2019-11-14,2019,11,1497274.0,1370966.0
2019-11-15,2019,11,1470992.0,1371359.0
2019-11-16,2019,11,1259812.0,1365244.0
2019-11-17,2019,11,1179389.0,1357184.0
2019-11-18,2019,11,1480352.0,1366923.0
2019-11-19,2019,11,1532909.0,1381642.0
2019-11-20,2019,11,1518115.0,1385240.0
2019-11-21,2019,11,1526526.0,1388185.0
2019-11-22,2019,11,1508070.0,1389890.0
2019-11-23,2019,11,1283109.0,1384302.0
2019-11-24,2019,11,1186557.0,1376702.0
2019-11-25,2019,11,1488601.0,1386053.0
2019-11-26,2019,11,1522492.0,1399778.0
2019-11-27,2019,11,1549871.0,1403781.0
2019-11-28,2019,11,1535490.0,1406183.0
2019-11-29,2019,11,1487873.0,1407050.0
2019-11-30,2019,11,1252181.0,1403223.0
2019-12-01,2019,12,1217088.0,1402609.0
2019-12-02,2019,12,1460560.0,1411750.0
2019-12-03,2019,12,1544016.0,1426515.0
2019-12-04,2019,12,1549726.0,1431059.0
2019-12-05,2019,12,1588074.0,1435351.0
2019-12-06,2019,12,1567884.0,1438086.0
2019-12-07,2019,12,1310854.0,1431752.0
2019-12-08,2019,12,1236848.0,1423868.0
2019-12-09,2019,12,1522202.0,1432762.0
2019-12-10,2019,12,1555066.0,1445177.0
2019-12-11,2019,12,1582834.0,1447973.0
2019-12-12,2019,12,1576723.0,1449892.0
2019-12-13,2019,12,1526736.0,1450607.0
2019-12-14,2019,12,1310953.0,1444397.0
2019-12-15,2019,12,1214174.0,1435836.0
2019-12-16,2019,12,1471922.0,1442907.0
2019-12-17,2019,12,1477635.0,1452848.0
2019-12-18,2019,12,1458927.0,1452134.0
2019-12-19,2019,12,1438735.0,1448995.0
2019-12-20,2019,12,1354263.0,1443533.0
2019-12-21,2019,12,1206416.0,1432863.0
2019-12-22,2019,12,1140679.0,1420616.0
2019-12-23,2019,12,1214864.0,1418341.0
2019-12-24,2019,12,1112488.0,1415873.0
2019-12-25,2019,12,1042244.0,1400994.0
2019-12-26,2019,12,1042692.0,1385001.0
2019-12-27,2019,12,1172199.0,1372412.0
2019-12-28,2019,12,1141331.0,1359273.0
2019-12-29,2019,12,1087074.0,1345913.0
2019-12-30,2019,12,1200045.0,1344175.0
2019-12-31,2019,12,1124933.0,1341103.0
2020-01-01,2020,1,1055933.0,1327616.0
2020-01-02,2020,1,1297859.0,1319410.0
2020-01-03,2020,1,1334843.0,1312248.0
2020-01-04,2020,1,1261471.0,1301361.0
2020-01-05,2020,1,1152082.0,1287501.0
2020-01-06,2020,1,1364624.0,1289293.0
2020-01-07,2020,1,1504338.0,1298210.0
2020-01-08,2020,1,1528721.0,1298427.0
2020-01-09,2020,1,1514683.0,1297081.0
2020-01-10,2020,1,1486600.0,1293873.0
2020-01-11,2020,1,1290289.0,1284325.0
2020-01-12,2020,1,1235781.0,1274627.0
2020-01-13,2020,1,1512635.0,1281349.0
2020-01-14,2020,1,1570433.0,1293225.0
2020-01-15,2020,1,1538729.0,1295452.0
2020-01-16,2020,1,1505814.0,1296391.0
2020-01-17,2020,1,1509807.0,1298087.0
2020-01-18,2020,1,1297001.0,1293362.0
2020-01-19,2020,1,1206346.0,1288432.0
2020-01-20,2020,1,1501315.0,1298262.0
2020-01-21,2020,1,1556498.0,1312122.0
2020-01-22,2020,1,1556670.0,1323516.0
2020-01-23,2020,1,1548865.0,1338062.0
2020-01-24,2020,1,1527675.0,1354243.0
2020-01-25,2020,1,1324448.0,1363635.0
2020-01-26,2020,1,1214676.0,1365051.0
2020-01-27,2020,1,1527384.0,1377919.0
2020-01-28,2020,1,1572395.0,1394096.0
2020-01-29,2020,1,1579543.0,1406746.0
2020-01-30,2020,1,1569973.0,1421581.0
2020-01-31,2020,1,1510409.0,1436730.0
2020-02-01,2020,2,1270082.0,1435804.0
2020-02-02,2020,2,1191199.0,1431016.0
2020-02-03,2020,2,1512371.0,1439380.0
2020-02-04,2020,2,1563049.0,1453078.0
2020-02-05,2020,2,1531352.0,1458636.0
2020-02-06,2020,2,1535237.0,1459666.0
2020-02-07,2020,2,1510854.0,1459070.0
2020-02-08,2020,2,1282868.0,1451343.0
2020-02-09,2020,2,1187922.0,1441387.0
2020-02-10,2020,2,1507086.0,1448614.0
2020-02-11,2020,2,1574417.0,1459902.0
2020-02-12,2020,2,1577107.0,1462051.0
2020-02-13,2020,2,1579426.0,1462351.0
2020-02-14,2020,2,1521232.0,1461767.0
2020-02-15,2020,2,1274343.0,1454052.0
2020-02-16,2020,2,1188370.0,1443337.0
2020-02-17,2020,2,1491190.0,1449810.0
2020-02-18,2020,2,1540979.0,1460965.0
2020-02-19,2020,2,1522856.0,1461683.0
2020-02-20,2020,2,1514957.0,1460298.0
2020-02-21,2020,2,1495782.0,1458268.0
2020-02-22,2020,2,1286472.0,1449522.0
2020-02-23,2020,2,1192035.0,1438334.0
2020-02-24,2020,2,1442292.0,1442262.0
2020-02-25,2020,2,1477463.0,1451022.0
2020-02-26,2020,2,1516096.0,1450645.0
2020-02-27,2020,2,1545559.0,1449751.0
2020-02-28,2020,2,1494875.0,1446928.0
2020-02-29,2020,2,1258431.0,1436544.0
2020-03-01,2020,3,1160339.0,1424875.0
2020-03-02,2020,3,1472566.0,1431624.0
2020-03-03,2020,3,1487085.0,1441487.0
2020-03-04,2020,3,1484802.0,1440568.0
2020-03-05,2020,3,1501788.0,1438526.0
2020-03-06,2020,3,1487083.0,1437050.0
2020-03-07,2020,3,1258802.0,1427836.0
2020-03-08,2020,3,1167537.0,1416392.0
2020-03-09,2020,3,1451563.0,1422015.0
2020-03-10,2020,3,1543943.0,1433883.0
2020-03-11,2020,3,1487188.0,1433219.0
2020-03-12,2020,3,1497652.0,1430660.0
2020-03-13,2020,3,1473421.0,1427204.0
2020-03-14,2020,3,1235797.0,1415750.0
2020-03-15,2020,3,1144188.0,1403182.0
2020-03-16,2020,3,1391213.0,1407077.0
2020-03-17,2020,3,1421462.0,1414847.0
2020-03-18,2020,3,1407180.0,1412047.0
2020-03-19,2020,3,1377249.0,1406589.0
2020-03-20,2020,3,1357128.0,1401065.0
2020-03-21,2020,3,1214636.0,1391054.0
2020-03-22,2020,3,1133753.0,1378987.0
2020-03-23,2020,3,1347799.0,1381031.0
2020-03-24,2020,3,1360482.0,1386646.0
2020-03-25,2020,3,1352286.0,1383646.0
2020-03-26,2020,3,1341967.0,1379129.0
2020-03-27,2020,3,1299313.0,1371903.0
2020-03-28,2020,3,1141136.0,1358422.0
2020-03-29,2020,3,1140310.0,1346603.0
2020-03-30,2020,3,1343675.0,1349445.0
2020-03-31,2020,3,1340802.0,1355460.0
2020-04-01,2020,4,1347710.0,1351298.0
2020-04-02,2020,4,1349026.0,1346696.0
2020-04-03,2020,4,1319251.0,1341178.0
2020-04-04,2020,4,1117842.0,1328380.0
2020-04-05,2020,4,1059699.0,1314134.0
2020-04-06,2020,4,1251044.0,1313875.0
2020-04-07,2020,4,1264209.0,1317097.0
2020-04-08,2020,4,1240673.0,1310068.0
2020-04-09,2020,4,1208420.0,1298884.0
2020-04-10,2020,4,1005635.0,1282832.0
2020-04-11,2020,4,1017331.0,1266821.0
2020-04-12,2020,4,944117.0,1249178.0
2020-04-13,2020,4,993448.0,1241099.0
2020-04-14,2020,4,1203944.0,1243091.0
2020-04-15,2020,4,1233638.0,1237839.0
2020-04-16,2020,4,1241170.0,1231829.0
2020-04-17,2020,4,1225625.0,1225777.0
2020-04-18,2020,4,1059896.0,1215199.0
2020-04-19,2020,4,1008116.0,1203565.0
2020-04-20,2020,4,1252182.0,1204817.0
2020-04-21,2020,4,1293187.0,1210131.0
2020-04-22,2020,4,1280425.0,1207885.0
2020-04-23,2020,4,1274340.0,1205014.0
2020-04-24,2020,4,1230859.0,1200966.0
2020-04-25,2020,4,1080290.0,1192244.0
2020-04-26,2020,4,1017683.0,1182856.0
2020-04-27,2020,4,1247331.0,1186396.0
2020-04-28,2020,4,1275575.0,1190905.0
2020-04-29,2020,4,1286821.0,1189010.0
2020-04-30,2020,4,1249111.0,1185953.0
2020-05-01,2020,5,1001657.0,1174418.0
2020-05-02,2020,5,1044406.0,1164264.0
2020-05-03,2020,5,986299.0,1153166.0
2020-05-04,2020,5,1261222.0,1157945.0
2020-05-05,2020,5,1294675.0,1165778.0
2020-05-06,2020,5,1266814.0,1166303.0
2020-05-07,2020,5,1256038.0,1166031.0
2020-05-08,2020,5,1203373.0,1164788.0
2020-05-09,2020,5,1058848.0,1159802.0
2020-05-10,2020,5,990281.0,1159290.0
2020-05-11,2020,5,1316508.0,1169263.0
2020-05-12,2020,5,1296022.0,1180993.0
2020-05-13,2020,5,1305010.0,1191378.0
2020-05-14,2020,5,1284203.0,1194054.0
2020-05-15,2020,5,1259983.0,1194932.0
2020-05-16,2020,5,1085381.0,1189739.0
2020-05-17,2020,5,1008625.0,1182505.0
2020-05-18,2020,5,1256918.0,1189073.0
2020-05-19,2020,5,1277944.0,1198067.0
2020-05-20,2020,5,1236914.0,1197558.0
2020-05-21,2020,5,1000325.0,1187796.0
2020-05-22,2020,5,1113829.0,1182243.0
2020-05-23,2020,5,1067643.0,1175353.0
2020-05-24,2020,5,1016287.0,1168201.0
2020-05-25,2020,5,1280442.0,1174872.0
2020-05-26,2020,5,1273656.0,1183405.0
2020-05-27,2020,5,1272144.0,1184232.0
2020-05-28,2020,5,1278793.0,1184339.0
2020-05-29,2020,5,1224696.0,1182268.0
2020-05-30,2020,5,1043232.0,1175406.0
2020-05-31,2020,5,947675.0,1173606.0
2020-06-01,2020,6,965528.0,1170977.0
2020-06-02,2020,6,1252617.0,1179854.0
2020-06-03,2020,6,1287826.0,1180741.0
2020-06-04,2020,6,1306630.0,1181140.0
2020-06-05,2020,6,1281334.0,1181624.0
2020-06-06,2020,6,1093006.0,1176189.0
2020-06-07,2020,6,1007468.0,1169659.0
2020-06-08,2020,6,1248860.0,1175993.0
2020-06-09,2020,6,1280845.0,1185678.0
2020-06-10,2020,6,1267393.0,1184041.0
2020-06-11,2020,6,1090558.0,1177192.0
2020-06-12,2020,6,1150179.0,1172031.0
2020-06-13,2020,6,1056285.0,1164434.0
2020-06-14,2020,6,1006797.0,1155994.0
2020-06-15,2020,6,1248138.0,1161420.0
2020-06-16,2020,6,1282307.0,1170542.0
2020-06-17,2020,6,1288280.0,1171588.0
2020-06-18,2020,6,1284894.0,1171819.0
2020-06-19,2020,6,1240226.0,1171930.0
2020-06-20,2020,6,1048126.0,1173523.0
2020-06-21,2020,6,976772.0,1168955.0
2020-06-22,2020,6,1260135.0,1175371.0
2020-06-23,2020,6,1284533.0,1184313.0
2020-06-24,2020,6,1293845.0,1184759.0
2020-06-25,2020,6,1296281.0,1185513.0
2020-06-26,2020,6,1250294.0,1184785.0
2020-06-27,2020,6,1081840.0,1178220.0
2020-06-28,2020,6,1013845.0,1171192.0
2020-06-29,2020,6,1281978.0,1179150.0
2020-06-30,2020,6,1317839.0,1191489.0
2020-07-01,2020,7,1332120.0,1203708.0
2020-07-02,2020,7,1313019.0,1205722.0
2020-07-03,2020,7,1264405.0,1204941.0
2020-07-04,2020,7,1094208.0,1197860.0
2020-07-05,2020,7,1041522.0,1189867.0
2020-07-06,2020,7,1323207.0,1197540.0
2020-07-07,2020,7,1312447.0,1207706.0
2020-07-08,2020,7,1322517.0,1210161.0
2020-07-09,2020,7,1329468.0,1211782.0
2020-07-10,2020,7,1282229.0,1212276.0
2020-07-11,2020,7,1060013.0,1211258.0
2020-07-12,2020,7,980552.0,1205604.0
2020-07-13,2020,7,1256979.0,1212294.0
2020-07-14,2020,7,1303883.0,1222197.0
2020-07-15,2020,7,1332133.0,1224997.0
2020-07-16,2020,7,1324999.0,1226420.0
2020-07-17,2020,7,1267450.0,1225725.0
2020-07-18,2020,7,1068965.0,1218528.0
2020-07-19,2020,7,996150.0,1210392.0
2020-07-20,2020,7,1267010.0,1217688.0
2020-07-21,2020,7,1278638.0,1227750.0
2020-07-22,2020,7,1300696.0,1229102.0
2020-07-23,2020,7,1298959.0,1229583.0
2020-07-24,2020,7,1254317.0,1228265.0
2020-07-25,2020,7,1073688.0,1220846.0
2020-07-26,2020,7,1006616.0,1212723.0
2020-07-27,2020,7,1263247.0,1218770.0
2020-07-28,2020,7,1301256.0,1228350.0
2020-07-29,2020,7,1273267.0,1228060.0
2020-07-30,2020,7,1260482.0,1226148.0
2020-07-31,2020,7,1253749.0,1223536.0
2020-08-01,2020,8,1068060.0,1215370.0
2020-08-02,2020,8,988237.0,1206165.0
2020-08-03,2020,8,1210696.0,1210048.0
2020-08-04,2020,8,1228287.0,1216273.0
2020-08-05,2020,8,1241919.0,1213564.0
2020-08-06,2020,8,1257189.0,1211722.0
2020-08-07,2020,8,1249146.0,1209276.0
2020-08-08,2020,8,1091658.0,1201349.0
2020-08-09,2020,8,1028860.0,1192903.0
2020-08-10,2020,8,1310484.0,1201252.0
2020-08-11,2020,8,1359276.0,1213877.0
2020-08-12,2020,8,1343781.0,1216770.0
2020-08-13,2020,8,1340579.0,1217993.0
2020-08-14,2020,8,1288313.0,1216532.0
2020-08-15,2020,8,1078657.0,1208321.0
2020-08-16,2020,8,1027802.0,1200333.0
2020-08-17,2020,8,1296489.0,1207917.0
2020-08-18,2020,8,1314206.0,1218519.0
2020-08-19,2020,8,1311181.0,1219991.0
2020-08-20,2020,8,1333278.0,1221813.0
2020-08-21,2020,8,1321373.0,1222502.0
2020-08-22,2020,8,1112371.0,1216282.0
2020-08-23,2020,8,1025608.0,1208659.0
2020-08-24,2020,8,1285276.0,1215711.0
2020-08-25,2020,8,1318004.0,1226091.0
2020-08-26,2020,8,1384941.0,1230148.0
2020-08-27,2020,8,1327375.0,1231018.0
2020-08-28,2020,8,1277965.0,1231175.0
2020-08-29,2020,8,1078359.0,1225104.0
2020-08-30,2020,8,1005847.0,1216841.0
2020-08-31,2020,8,1293739.0,1224363.0
2020-09-01,2020,9,1323980.0,1235555.0
2020-09-02,2020,9,1317861.0,1239127.0
2020-09-03,2020,9,1336142.0,1242722.0
2020-09-04,2020,9,1279545.0,1243976.0
2020-09-05,2020,9,1096686.0,1238626.0
2020-09-06,2020,9,1023828.0,1231115.0
2020-09-07,2020,9,1278376.0,1237339.0
2020-09-08,2020,9,1332924.0,1247475.0
2020-09-09,2020,9,1334440.0,1248273.0
2020-09-10,2020,9,1315593.0,1246817.0
2020-09-11,2020,9,1270560.0,1244377.0
2020-09-12,2020,9,1103971.0,1236490.0
2020-09-13,2020,9,1017418.0,1227460.0
2020-09-14,2020,9,1291879.0,1234567.0
2020-09-15,2020,9,1326832.0,1244535.0
2020-09-16,2020,9,1346841.0,1246213.0
2020-09-17,2020,9,1342444.0,1247155.0
2020-09-18,2020,9,1307888.0,1247045.0
2020-09-19,2020,9,1117234.0,1239843.0
2020-09-20,2020,9,1033345.0,1230242.0
2020-09-21,2020,9,1312309.0,1236907.0
2020-09-22,2020,9,1336953.0,1247285.0
2020-09-23,2020,9,1357388.0,1249689.0
2020-09-24,2020,9,1376184.0,1251628.0
2020-09-25,2020,9,1338809.0,1250091.0
2020-09-26,2020,9,1165289.0,1244688.0
2020-09-27,2020,9,1086273.0,1238298.0
2020-09-28,2020,9,1358736.0,1247644.0
2020-09-29,2020,9,1388260.0,1260391.0
2020-09-30,2020,9,1386547.0,1263485.0
